รหัส9หลัก,ชื่อหน่วยงาน,รหัสสังกัด,สังกัด,รหัสประเภท,ประเภท,ระดับขีดความสามารถ,จำนวนเตียง,รหัสจังหวัด,จังหวัด,รหัสอำเภอ,อำเภอ,รหัสตำบล,ตำบล,รหัสหมู่,หมู่,สถานะ,สถานะการเปิดบริการ,ที่อยู่,รหัสไปรษณีย์,โทรศัพท์,โทรสาร,รหัสระดับการบริการ,ระดับการบริการ,รหัสประเภทบริการ,ประเภทบริการ,รหัสการเปลี่ยนแปลง,ชื่อการเปลี่ยนแปลง,หมายเหตุ,วันที่กำหนดรหัส,วันที่ยกเลิกรหัส,วันที่เปิดบริการ,วันที่ปิดบริการ,วันที่ปรับปรุงข้อมูลล่าสุด,รหัส5หลัก
001082500,โรงพยาบาลสัตหีบกม10,21002,กระทรวงสาธารณสุข สำนักงานปลัดกระทรวงสาธารณสุข,07,โรงพยาบาลชุมชน,F1   ,40,20,จ.ชลบุรี,09,อ.สัตหีบ,03, ต.พลูตาหลวง,01,หมู่ 1,01,เปิดดำเนินการ,,,,,21,2.1 ทุติยภูมิระดับต้น,,,,,แก้ไขชื่อหน่วยงาน,,,,,,10825, 
001082300,โรงพยาบาลแหลมฉบัง,21002,กระทรวงสาธารณสุข สำนักงานปลัดกระทรวงสาธารณสุข,07,โรงพยาบาลชุมชน,M2   ,113,20,จ.ชลบุรี,07,อ.ศรีราชา,03, ต.ทุ่งสุขลา,07,หมู่ 7,01,เปิดดำเนินการ,,,,,22,2.2 ทุติยภูมิระดับกลาง,S,บริการ  ,02,แก้ไขชื่อ,เปลี่ยนชื่อรพ.อ่าวอุดม เป็น รพ.แหลมฉบัง ตามหนังสือสำนักบริหารการสาธารณสุข ที่ 0228.04.3/5918 ลงวันที่ 26 ตค.55 เตียง จาก90 เป็น114 เตียง,,,,,,10823, 
000180500,โรงพยาบาลส่งเสริมสุขภาพตำบลบ้านสวน,21002,กระทรวงสาธารณสุข สำนักงานปลัดกระทรวงสาธารณสุข,18,โรงพยาบาลส่งเสริมสุขภาพตำบล,,0,20,จ.ชลบุรี,01,อ.เมืองชลบุรี,05, ต.บ้านสวน,06,หมู่ 6,01,เปิดดำเนินการ,,,,,10,1 ปฐมภูมิ,,,,,,,,,,,01805, 
000184600,โรงพยาบาลส่งเสริมสุขภาพตำบลบ้านหนองพังแค,21002,กระทรวงสาธารณสุข สำนักงานปลัดกระทรวงสาธารณสุข,18,โรงพยาบาลส่งเสริมสุขภาพตำบล,,0,20,จ.ชลบุรี,04,อ.บางละมุง,02, ต.หนองปรือ,12,หมู่ 12,01,เปิดดำเนินการ,,,,,10,1 ปฐมภูมิ,,,,,,,,,,,01846, 
000185400,โรงพยาบาลส่งเสริมสุขภาพตำบลตะเคียนเตี้ย,21002,กระทรวงสาธารณสุข สำนักงานปลัดกระทรวงสาธารณสุข,18,โรงพยาบาลส่งเสริมสุขภาพตำบล,,0,20,จ.ชลบุรี,04,อ.บางละมุง,07, ต.ตะเคียนเตี้ย,03,หมู่ 3,01,เปิดดำเนินการ,,,,,10,1 ปฐมภูมิ,,,,,,,,,,,01854, 
000185300,โรงพยาบาลส่งเสริมสุขภาพตำบลห้วยใหญ่ บ้านซากแง้ว หมู่ที่ ๑๐,21002,กระทรวงสาธารณสุข สำนักงานปลัดกระทรวงสาธารณสุข,18,โรงพยาบาลส่งเสริมสุขภาพตำบล,,0,20,จ.ชลบุรี,04,อ.บางละมุง,06, ต.ห้วยใหญ่,10,หมู่ 10,01,เปิดดำเนินการ,,,,,10,1 ปฐมภูมิ,,,02,แก้ไขชื่อ,แก้ไขชื่อจากสถานีอนามัยตำบลห้วยใหญ่ เป็น สถานีอนามัยตำบลห้วยใหญ่ บ้านซากแง้ว หมู่ที่ ๑๐,,,,,,01853, 
000182700,โรงพยาบาลส่งเสริมสุขภาพตำบลบ้านหนองเขิน,21002,กระทรวงสาธารณสุข สำนักงานปลัดกระทรวงสาธารณสุข,18,โรงพยาบาลส่งเสริมสุขภาพตำบล,,0,20,จ.ชลบุรี,02,อ.บ้านบึง,06, ต.หนองชาก,04,หมู่ 4,01,เปิดดำเนินการ,,,,,10,1 ปฐมภูมิ,,,,,,,,,,,01827, 
000181100,โรงพยาบาลส่งเสริมสุขภาพตำบลหนองไม้แดง,21002,กระทรวงสาธารณสุข สำนักงานปลัดกระทรวงสาธารณสุข,18,โรงพยาบาลส่งเสริมสุขภาพตำบล,,0,20,จ.ชลบุรี,01,อ.เมืองชลบุรี,10, ต.หนองไม้แดง,06,หมู่ 6,01,เปิดดำเนินการ,,,,,10,1 ปฐมภูมิ,,,,,,,,,,,01811, 
000181200,โรงพยาบาลส่งเสริมสุขภาพตำบลบางทราย,21002,กระทรวงสาธารณสุข สำนักงานปลัดกระทรวงสาธารณสุข,18,โรงพยาบาลส่งเสริมสุขภาพตำบล,,0,20,จ.ชลบุรี,01,อ.เมืองชลบุรี,11, ต.บางทราย,05,หมู่ 5,01,เปิดดำเนินการ,,,,,10,1 ปฐมภูมิ,,,,,,,,,,,01812, 
000184200,โรงพยาบาลส่งเสริมสุขภาพตำบลบ้านโรงโป๊ะ,21002,กระทรวงสาธารณสุข สำนักงานปลัดกระทรวงสาธารณสุข,18,โรงพยาบาลส่งเสริมสุขภาพตำบล,,0,20,จ.ชลบุรี,04,อ.บางละมุง,01, ต.บางละมุง,02,หมู่ 2,01,เปิดดำเนินการ,,,,,10,1 ปฐมภูมิ,,,,,,,,,,,01842, 
000184300,โรงพยาบาลส่งเสริมสุขภาพตำบลบ้านมาบประชัน,21002,กระทรวงสาธารณสุข สำนักงานปลัดกระทรวงสาธารณสุข,18,โรงพยาบาลส่งเสริมสุขภาพตำบล,,0,20,จ.ชลบุรี,04,อ.บางละมุง,02, ต.หนองปรือ,02,หมู่ 2,01,เปิดดำเนินการ,,,,,10,1 ปฐมภูมิ,,,,,,,,,,,01843, 
000185600,โรงพยาบาลส่งเสริมสุขภาพตำบลหนองตำลึง,21002,กระทรวงสาธารณสุข สำนักงานปลัดกระทรวงสาธารณสุข,18,โรงพยาบาลส่งเสริมสุขภาพตำบล,,0,20,จ.ชลบุรี,05,อ.พานทอง,02, ต.หนองตำลึง,02,หมู่ 2,01,เปิดดำเนินการ,,,,,10,1 ปฐมภูมิ,,,,,,,,,,,01856, 
000184400,โรงพยาบาลส่งเสริมสุขภาพตำบลบ้านหนองสมอ,21002,กระทรวงสาธารณสุข สำนักงานปลัดกระทรวงสาธารณสุข,18,โรงพยาบาลส่งเสริมสุขภาพตำบล,,0,20,จ.ชลบุรี,04,อ.บางละมุง,02, ต.หนองปรือ,06,หมู่ 6,01,เปิดดำเนินการ,,,,,10,1 ปฐมภูมิ,,,02,แก้ไขชื่อ,แก้ไขชื่อ สถานีอนามัยตำบลหนองปรือ เป็นสถานีอนามัยบ้านหนองสมอ,,,,,,01844, 
000185200,โรงพยาบาลส่งเสริมสุขภาพตำบลบ้านห้วยใหญ่ หมู่ ๓,21002,กระทรวงสาธารณสุข สำนักงานปลัดกระทรวงสาธารณสุข,18,โรงพยาบาลส่งเสริมสุขภาพตำบล,,0,20,จ.ชลบุรี,04,อ.บางละมุง,06, ต.ห้วยใหญ่,03,หมู่ 3,01,เปิดดำเนินการ,,,,,10,1 ปฐมภูมิ,,,02,แก้ไขชื่อ,แก้ไขชื่อ สถานีอนามัยบ้านชากแง้วจาก เป็น สถานีอนามัยบ้านห้วยใหญ่ หมู่ ๓,,,,,,01852, 
000188700,โรงพยาบาลส่งเสริมสุขภาพตำบลบ้านนาพร้าว,21002,กระทรวงสาธารณสุข สำนักงานปลัดกระทรวงสาธารณสุข,18,โรงพยาบาลส่งเสริมสุขภาพตำบล,,0,20,จ.ชลบุรี,07,อ.ศรีราชา,02, ต.สุรศักดิ์,05,หมู่ 5,01,เปิดดำเนินการ,,,,,10,1 ปฐมภูมิ,,,,,,,,,,,01887, 
000188900,โรงพยาบาลส่งเสริมสุขภาพตำบลบ้านตลาดบึง,21002,กระทรวงสาธารณสุข สำนักงานปลัดกระทรวงสาธารณสุข,18,โรงพยาบาลส่งเสริมสุขภาพตำบล,,0,20,จ.ชลบุรี,07,อ.ศรีราชา,04, ต.บึง,07,หมู่ 7,01,เปิดดำเนินการ,,,,,10,1 ปฐมภูมิ,,,,,,,,,,,01889, 
000189000,โรงพยาบาลส่งเสริมสุขภาพตำบลบ้านหนองค้อ,21002,กระทรวงสาธารณสุข สำนักงานปลัดกระทรวงสาธารณสุข,18,โรงพยาบาลส่งเสริมสุขภาพตำบล,,0,20,จ.ชลบุรี,07,อ.ศรีราชา,05, ต.หนองขาม,09,หมู่ 9,01,เปิดดำเนินการ,,,,,10,1 ปฐมภูมิ,,,,,,,,,,,01890, 
000188000,โรงพยาบาลส่งเสริมสุขภาพตำบลหนองเหียง,21002,กระทรวงสาธารณสุข สำนักงานปลัดกระทรวงสาธารณสุข,18,โรงพยาบาลส่งเสริมสุขภาพตำบล,,0,20,จ.ชลบุรี,06,อ.พนัสนิคม,16, ต.หนองเหียง,11,หมู่ 11,01,เปิดดำเนินการ,,,,,10,1 ปฐมภูมิ,,,,,,,,,,,01880, 
000189500,โรงพยาบาลส่งเสริมสุขภาพตำบลบ้านห้วยกุ่ม,21002,กระทรวงสาธารณสุข สำนักงานปลัดกระทรวงสาธารณสุข,18,โรงพยาบาลส่งเสริมสุขภาพตำบล,,0,20,จ.ชลบุรี,07,อ.ศรีราชา,07, ต.บางพระ,05,หมู่ 5,01,เปิดดำเนินการ,,,,,10,1 ปฐมภูมิ,,,,,,,,,,,01895, 
000189400,โรงพยาบาลส่งเสริมสุขภาพตำบลบ้านตลาดล่างบางพระ,21002,กระทรวงสาธารณสุข สำนักงานปลัดกระทรวงสาธารณสุข,18,โรงพยาบาลส่งเสริมสุขภาพตำบล,,0,20,จ.ชลบุรี,07,อ.ศรีราชา,07, ต.บางพระ,02,หมู่ 2,01,เปิดดำเนินการ,,,,,10,1 ปฐมภูมิ,,,02,แก้ไขชื่อ,แก้ไขชื่อจาก สถานีอนามัยบ้านตลาดล่าง เป็นสถานีอนามัยบ้านตลาดล่างบางพระ,,,,,,01894, 
000190000,โรงพยาบาลส่งเสริมสุขภาพตำบลเขาคันธมาทน์,21002,กระทรวงสาธารณสุข สำนักงานปลัดกระทรวงสาธารณสุข,18,โรงพยาบาลส่งเสริมสุขภาพตำบล,,0,20,จ.ชลบุรี,09,อ.สัตหีบ,01, ต.สัตหีบ,09,หมู่ 9,01,เปิดดำเนินการ,,,,,10,1 ปฐมภูมิ,,,,,,,,,,,01900, 
000190100,โรงพยาบาลส่งเสริมสุขภาพตำบลนาจอมเทียน,21002,กระทรวงสาธารณสุข สำนักงานปลัดกระทรวงสาธารณสุข,18,โรงพยาบาลส่งเสริมสุขภาพตำบล,,0,20,จ.ชลบุรี,09,อ.สัตหีบ,02, ต.นาจอมเทียน,03,หมู่ 3,01,เปิดดำเนินการ,,,,,10,1 ปฐมภูมิ,,,,,,,,,,,01901, 
001382100,โรงพยาบาลส่งเสริมสุขภาพตำบลบ้านไร่หนึ่ง,21002,กระทรวงสาธารณสุข สำนักงานปลัดกระทรวงสาธารณสุข,18,โรงพยาบาลส่งเสริมสุขภาพตำบล,,0,20,จ.ชลบุรี,07,อ.ศรีราชา,04, ต.บึง,01,หมู่ 1,01,เปิดดำเนินการ,,,,,10,1 ปฐมภูมิ,,,,,,,,,,,13821, 
000184700,โรงพยาบาลส่งเสริมสุขภาพตำบลบ้านหนองเกตุใหญ่,21002,กระทรวงสาธารณสุข สำนักงานปลัดกระทรวงสาธารณสุข,18,โรงพยาบาลส่งเสริมสุขภาพตำบล,,0,20,จ.ชลบุรี,04,อ.บางละมุง,03, ต.หนองปลาไหล,01,หมู่ 1,01,เปิดดำเนินการ,,,,,10,1 ปฐมภูมิ,,,02,แก้ไขชื่อ,แก้ไขชื่อจาก สถานีอนามัยตำบลหนองปลาไหล เป็น สถานีอนามัยบ้านหนองเกตุใหญ่,,,,,,01847, 
000191600,โรงพยาบาลส่งเสริมสุขภาพตำบลบ้านปรกฟ้า,21002,กระทรวงสาธารณสุข สำนักงานปลัดกระทรวงสาธารณสุข,18,โรงพยาบาลส่งเสริมสุขภาพตำบล,,0,20,จ.ชลบุรี,11,อ.เกาะจันทร์,01, ต.เกาะจันทร์,07,หมู่ 7,01,เปิดดำเนินการ,,,,,10,1 ปฐมภูมิ,,,,,,,,,,,01916, 
000190200,โรงพยาบาลส่งเสริมสุขภาพตำบลบางเสร่,21002,กระทรวงสาธารณสุข สำนักงานปลัดกระทรวงสาธารณสุข,18,โรงพยาบาลส่งเสริมสุขภาพตำบล,,0,20,จ.ชลบุรี,09,อ.สัตหีบ,04, ต.บางเสร่,08,หมู่ 8,01,เปิดดำเนินการ,,,,,10,1 ปฐมภูมิ,,,,,,,,,,,01902, 
000184500,โรงพยาบาลส่งเสริมสุขภาพตำบลบ้านตาลหมัน,21002,กระทรวงสาธารณสุข สำนักงานปลัดกระทรวงสาธารณสุข,18,โรงพยาบาลส่งเสริมสุขภาพตำบล,,0,20,จ.ชลบุรี,04,อ.บางละมุง,02, ต.หนองปรือ,08,หมู่ 8,01,เปิดดำเนินการ,,,,,10,1 ปฐมภูมิ,,,,,,,,,,,01845, 
000184800,โรงพยาบาลส่งเสริมสุขภาพตำบลบ้านหนองหัวแรด,21002,กระทรวงสาธารณสุข สำนักงานปลัดกระทรวงสาธารณสุข,18,โรงพยาบาลส่งเสริมสุขภาพตำบล,,0,20,จ.ชลบุรี,04,อ.บางละมุง,03, ต.หนองปลาไหล,06,หมู่ 6,01,เปิดดำเนินการ,,,,,10,1 ปฐมภูมิ,,,,,,,,,,,01848, 
000185100,โรงพยาบาลส่งเสริมสุขภาพตำบลเขาไม้แก้ว,21002,กระทรวงสาธารณสุข สำนักงานปลัดกระทรวงสาธารณสุข,18,โรงพยาบาลส่งเสริมสุขภาพตำบล,,0,20,จ.ชลบุรี,04,อ.บางละมุง,05, ต.เขาไม้แก้ว,01,หมู่ 1,01,เปิดดำเนินการ,,,,,10,1 ปฐมภูมิ,,,,,,,,,,,01851, 
000187000,โรงพยาบาลส่งเสริมสุขภาพตำบลบ้านเนินแร่ ตำบลนาเริก,21002,กระทรวงสาธารณสุข สำนักงานปลัดกระทรวงสาธารณสุข,18,โรงพยาบาลส่งเสริมสุขภาพตำบล,,0,20,จ.ชลบุรี,06,อ.พนัสนิคม,05, ต.นาเริก,10,หมู่ 10,01,เปิดดำเนินการ,,,,,10,1 ปฐมภูมิ,,,,,,,,,,,01870, 
000187100,โรงพยาบาลส่งเสริมสุขภาพตำบลบ้านหนองไทร ตำบลหมอนนาง,21002,กระทรวงสาธารณสุข สำนักงานปลัดกระทรวงสาธารณสุข,18,โรงพยาบาลส่งเสริมสุขภาพตำบล,,0,20,จ.ชลบุรี,06,อ.พนัสนิคม,06, ต.หมอนนาง,02,หมู่ 2,01,เปิดดำเนินการ,,,,,10,1 ปฐมภูมิ,,,,,,,,,,,01871, 
000187300,โรงพยาบาลส่งเสริมสุขภาพตำบลสระสี่เหลี่ยม,21002,กระทรวงสาธารณสุข สำนักงานปลัดกระทรวงสาธารณสุข,18,โรงพยาบาลส่งเสริมสุขภาพตำบล,,0,20,จ.ชลบุรี,06,อ.พนัสนิคม,07, ต.สระสี่เหลี่ยม,09,หมู่ 9,01,เปิดดำเนินการ,,,,,10,1 ปฐมภูมิ,,,,,,,,,,,01873, 
000187500,โรงพยาบาลส่งเสริมสุขภาพตำบลหัวถนน,21002,กระทรวงสาธารณสุข สำนักงานปลัดกระทรวงสาธารณสุข,18,โรงพยาบาลส่งเสริมสุขภาพตำบล,,0,20,จ.ชลบุรี,06,อ.พนัสนิคม,10, ต.หัวถนน,01,หมู่ 1,01,เปิดดำเนินการ,,,,,10,1 ปฐมภูมิ,,,,,,,,,,,01875, 
000187800,โรงพยาบาลส่งเสริมสุขภาพตำบลหนองขยาด,21002,กระทรวงสาธารณสุข สำนักงานปลัดกระทรวงสาธารณสุข,18,โรงพยาบาลส่งเสริมสุขภาพตำบล,,0,20,จ.ชลบุรี,06,อ.พนัสนิคม,14, ต.หนองขยาด,07,หมู่ 7,01,เปิดดำเนินการ,,,,,10,1 ปฐมภูมิ,,,,,,,,,,,01878, 
000187900,โรงพยาบาลส่งเสริมสุขภาพตำบลทุ่งขวาง,21002,กระทรวงสาธารณสุข สำนักงานปลัดกระทรวงสาธารณสุข,18,โรงพยาบาลส่งเสริมสุขภาพตำบล,,0,20,จ.ชลบุรี,06,อ.พนัสนิคม,15, ต.ทุ่งขวาง,08,หมู่ 8,01,เปิดดำเนินการ,,,,,10,1 ปฐมภูมิ,,,,,,,,,,,01879, 
000188200,โรงพยาบาลส่งเสริมสุขภาพตำบลนาวังหิน,21002,กระทรวงสาธารณสุข สำนักงานปลัดกระทรวงสาธารณสุข,18,โรงพยาบาลส่งเสริมสุขภาพตำบล,,0,20,จ.ชลบุรี,06,อ.พนัสนิคม,17, ต.นาวังหิน,10,หมู่ 10,01,เปิดดำเนินการ,,,,,10,1 ปฐมภูมิ,,,,,,,,,,,01882, 
000187200,โรงพยาบาลส่งเสริมสุขภาพตำบลหมอนนาง,21002,กระทรวงสาธารณสุข สำนักงานปลัดกระทรวงสาธารณสุข,18,โรงพยาบาลส่งเสริมสุขภาพตำบล,,0,20,จ.ชลบุรี,06,อ.พนัสนิคม,06, ต.หมอนนาง,04,หมู่ 4,01,เปิดดำเนินการ,,,,,10,1 ปฐมภูมิ,,,,,,,,,,,01872, 
000186000,โรงพยาบาลส่งเสริมสุขภาพตำบลโคกขี้หนอน,21002,กระทรวงสาธารณสุข สำนักงานปลัดกระทรวงสาธารณสุข,18,โรงพยาบาลส่งเสริมสุขภาพตำบล,,0,20,จ.ชลบุรี,05,อ.พานทอง,06, ต.โคกขี้หนอน,01,หมู่ 1,01,เปิดดำเนินการ,,,,,10,1 ปฐมภูมิ,,,,,,,,,,,01860, 
000189300,สถานีอนามัยเฉลิมพระเกียรติ 60 พรรษา นวมินทราชินี ,21002,กระทรวงสาธารณสุข สำนักงานปลัดกระทรวงสาธารณสุข,18,โรงพยาบาลส่งเสริมสุขภาพตำบล,,0,20,จ.ชลบุรี,07,อ.ศรีราชา,06, ต.เขาคันทรง,03,หมู่ 3,01,เปิดดำเนินการ,,,,,10,1 ปฐมภูมิ,S,บริการ  ,02,แก้ไขชื่อ,แก้ไขชื่อสถานีอนามัยเฉลิมพระเกียรติ 60 พรรษา นวมินทราชินี ตำบลเขาคันทรง เป็นสถานีอนามัยเฉลิมพระเกียรติ 60 พรรษา นวมินทราชินี,,,,,,01893, 
000183200,โรงพยาบาลส่งเสริมสุขภาพตำบลบ้านหนองไผ่แก้ว,21002,กระทรวงสาธารณสุข สำนักงานปลัดกระทรวงสาธารณสุข,18,โรงพยาบาลส่งเสริมสุขภาพตำบล,,0,20,จ.ชลบุรี,02,อ.บ้านบึง,08, ต.หนองไผ่แก้ว,05,หมู่ 5,01,เปิดดำเนินการ,,,,,10,1 ปฐมภูมิ,,,,,,,,,,,01832, 
000189600,โรงพยาบาลส่งเสริมสุขภาพตำบลบ้านห้วยกรุ,21002,กระทรวงสาธารณสุข สำนักงานปลัดกระทรวงสาธารณสุข,18,โรงพยาบาลส่งเสริมสุขภาพตำบล,,0,20,จ.ชลบุรี,07,อ.ศรีราชา,07, ต.บางพระ,07,หมู่ 7,01,เปิดดำเนินการ,,,,,10,1 ปฐมภูมิ,,,,,,,,,,,01896, 
000189700,โรงพยาบาลส่งเสริมสุขภาพตำบลบ้านบ่อวิน,21002,กระทรวงสาธารณสุข สำนักงานปลัดกระทรวงสาธารณสุข,18,โรงพยาบาลส่งเสริมสุขภาพตำบล,,0,20,จ.ชลบุรี,07,อ.ศรีราชา,08, ต.บ่อวิน,05,หมู่ 5,01,เปิดดำเนินการ,,,,,10,1 ปฐมภูมิ,,,,,,,,,,,01897, 
000189800,โรงพยาบาลส่งเสริมสุขภาพตำบลบ้านเขาหิน,21002,กระทรวงสาธารณสุข สำนักงานปลัดกระทรวงสาธารณสุข,18,โรงพยาบาลส่งเสริมสุขภาพตำบล,,0,20,จ.ชลบุรี,07,อ.ศรีราชา,08, ต.บ่อวิน,06,หมู่ 6,01,เปิดดำเนินการ,,,,,10,1 ปฐมภูมิ,,,,,,,,,,,01898, 
000191500,โรงพยาบาลส่งเสริมสุขภาพตำบลบ้านหนองชุมเห็ด,21002,กระทรวงสาธารณสุข สำนักงานปลัดกระทรวงสาธารณสุข,18,โรงพยาบาลส่งเสริมสุขภาพตำบล,,0,20,จ.ชลบุรี,11,อ.เกาะจันทร์,01, ต.เกาะจันทร์,02,หมู่ 2,01,เปิดดำเนินการ,,,,,10,1 ปฐมภูมิ,,,,,,,,,,,01915, 
000190500,โรงพยาบาลส่งเสริมสุขภาพตำบลบ้านซ่อง,21002,กระทรวงสาธารณสุข สำนักงานปลัดกระทรวงสาธารณสุข,18,โรงพยาบาลส่งเสริมสุขภาพตำบล,,0,20,จ.ชลบุรี,10,อ.บ่อทอง,02, ต.วัดสุวรรณ,01,หมู่ 1,01,เปิดดำเนินการ,,,,,10,1 ปฐมภูมิ,,,,,,,,,,,01905, 
000191000,โรงพยาบาลส่งเสริมสุขภาพตำบลบ้านธรรมรัตน์,21002,กระทรวงสาธารณสุข สำนักงานปลัดกระทรวงสาธารณสุข,18,โรงพยาบาลส่งเสริมสุขภาพตำบล,,0,20,จ.ชลบุรี,10,อ.บ่อทอง,05, ต.เกษตรสุวรรณ,01,หมู่ 1,01,เปิดดำเนินการ,,,,,10,1 ปฐมภูมิ,,,,,,,,,,,01910, 
000190800,โรงพยาบาลส่งเสริมสุขภาพตำบลบ้านโปร่งเกตุ,21002,กระทรวงสาธารณสุข สำนักงานปลัดกระทรวงสาธารณสุข,18,โรงพยาบาลส่งเสริมสุขภาพตำบล,,0,20,จ.ชลบุรี,10,อ.บ่อทอง,04, ต.ธาตุทอง,03,หมู่ 3,01,เปิดดำเนินการ,,,,,10,1 ปฐมภูมิ,,,,,,,,,,,01908, 
000190900,โรงพยาบาลส่งเสริมสุขภาพตำบลบ้านบึงตะกู,21002,กระทรวงสาธารณสุข สำนักงานปลัดกระทรวงสาธารณสุข,18,โรงพยาบาลส่งเสริมสุขภาพตำบล,,0,20,จ.ชลบุรี,10,อ.บ่อทอง,04, ต.ธาตุทอง,04,หมู่ 4,01,เปิดดำเนินการ,,,,,10,1 ปฐมภูมิ,,,,,,,,,,,01909, 
000191300,โรงพยาบาลส่งเสริมสุขภาพตำบลบ้านเขาใหญ่,21002,กระทรวงสาธารณสุข สำนักงานปลัดกระทรวงสาธารณสุข,18,โรงพยาบาลส่งเสริมสุขภาพตำบล,,0,20,จ.ชลบุรี,10,อ.บ่อทอง,06, ต.พลวงทอง,06,หมู่ 6,01,เปิดดำเนินการ,,,,,10,1 ปฐมภูมิ,,,,,,,,,,,01913, 
000189200,โรงพยาบาลส่งเสริมสุขภาพตำบลบ้านหุบบอน,21002,กระทรวงสาธารณสุข สำนักงานปลัดกระทรวงสาธารณสุข,18,โรงพยาบาลส่งเสริมสุขภาพตำบล,,0,20,จ.ชลบุรี,07,อ.ศรีราชา,06, ต.เขาคันทรง,02,หมู่ 2,01,เปิดดำเนินการ,,,,,10,1 ปฐมภูมิ,,,,,,,,,,,01892, 
001432800,โรงพยาบาลส่งเสริมสุขภาพตำบลบ้านหัวโกรก,21002,กระทรวงสาธารณสุข สำนักงานปลัดกระทรวงสาธารณสุข,18,โรงพยาบาลส่งเสริมสุขภาพตำบล,,0,20,จ.ชลบุรี,01,อ.เมืองชลบุรี,06, ต.หนองรี,05,หมู่ 5,01,เปิดดำเนินการ,,,,,10,1 ปฐมภูมิ,,,,,,,,,,,14328, 
001428800,โรงพยาบาลส่งเสริมสุขภาพตำบลบ้านอ่างเวียน,21002,กระทรวงสาธารณสุข สำนักงานปลัดกระทรวงสาธารณสุข,18,โรงพยาบาลส่งเสริมสุขภาพตำบล,,0,20,จ.ชลบุรี,02,อ.บ้านบึง,07, ต.หนองอิรุณ,10,หมู่ 10,01,เปิดดำเนินการ,,,,,10,1 ปฐมภูมิ,,,,,,,,,,,14288, 
000190400,โรงพยาบาลส่งเสริมสุขภาพตำบลบ้านทับเจริญ,21002,กระทรวงสาธารณสุข สำนักงานปลัดกระทรวงสาธารณสุข,18,โรงพยาบาลส่งเสริมสุขภาพตำบล,,0,20,จ.ชลบุรี,10,อ.บ่อทอง,01, ต.บ่อทอง,05,หมู่ 5,01,เปิดดำเนินการ,,,,,10,1 ปฐมภูมิ,,,,,,,,,,,01904, 
000188100,โรงพยาบาลส่งเสริมสุขภาพตำบลบ้านไร่เสธ์ ตำบลหนองเหียง,21002,กระทรวงสาธารณสุข สำนักงานปลัดกระทรวงสาธารณสุข,18,โรงพยาบาลส่งเสริมสุขภาพตำบล,,0,20,จ.ชลบุรี,06,อ.พนัสนิคม,16, ต.หนองเหียง,13,หมู่ 13,01,เปิดดำเนินการ,,,,,10,1 ปฐมภูมิ,,,,,,,,,,,01881, 
004074000,คลินิกเวชกรรมเฉพาะทางวีรวัฒน์,29000,เอกชน ไม่ระบุ,16,คลินิกเอกชน,,,20,จ.ชลบุรี,01,อ.เมืองชลบุรี,10, ต.หนองไม้แดง,06,หมู่ 6,01,เปิดดำเนินการ,106/17,20000,038795680,,,,S,บริการ  ,01,ตั้งใหม่,,2015-03-09,,2015-01-03,,,40740, 
001375406,ศูนย์ประกันสุขภาพ สาขาพัทยา,30002,หน่วยงานอิสระ ไม่ระบุ,08,ศูนย์สุขภาพชุมชน ของ รพ.,,,20,จ.ชลบุรี,04,อ.บางละมุง,08, ต.นาเกลือ,06,หมู่ 6,01,เปิดดำเนินการ,15/8-9ถ.เฉลิมพระเกียรติสาย 3,20260,038424540,038311008,10,1 ปฐมภูมิ,,,04,แก้ไข/เปลี่ยนแปลงที่ตั้ง,,2010-08-30,,2002-06-01,,,99844, 
001184000,เทศบาลเมืองบ้านบึง,23000,องค์การบริหารส่วนท้องถิ่น ไม่ระบุ,13,ศูนย์บริการสาธารณสุข,,0,20,จ.ชลบุรี,02,อ.บ้านบึง,02, ต.คลองกิ่ว,00,หมู่ 0,01,เปิดดำเนินการ,,,,,10,1 ปฐมภูมิ,,,,,,,,,,,11840, 
001189600,เทศบาลตำบลบางพระ,23000,องค์การบริหารส่วนท้องถิ่น ไม่ระบุ,13,ศูนย์บริการสาธารณสุข,,0,20,จ.ชลบุรี,07,อ.ศรีราชา,06, ต.เขาคันทรง,00,หมู่ 0,01,เปิดดำเนินการ,,,,,10,1 ปฐมภูมิ,,,,,,,,,,,11896, 
001195000,เทศบาลตำบลสัตหีบ,23000,องค์การบริหารส่วนท้องถิ่น ไม่ระบุ,13,ศูนย์บริการสาธารณสุข,,0,20,จ.ชลบุรี,09,อ.สัตหีบ,01, ต.สัตหีบ,00,หมู่ 0,01,เปิดดำเนินการ,,,,,10,1 ปฐมภูมิ,,,,,,,,,,,11950, 
001198700,เทศบาลตำบลบางเสร่,23000,องค์การบริหารส่วนท้องถิ่น ไม่ระบุ,13,ศูนย์บริการสาธารณสุข,,0,20,จ.ชลบุรี,09,อ.สัตหีบ,04, ต.บางเสร่,00,หมู่ 0,01,เปิดดำเนินการ,,,,,10,1 ปฐมภูมิ,,,,,,,,,,,11987, 
001185300,โรงพยาบาลสมิติเวชศรีราชา,29000,เอกชน ไม่ระบุ,15,โรงพยาบาลเอกชน,,100,20,จ.ชลบุรี,07,อ.ศรีราชา,01, ต.ศรีราชา,00,หมู่ 0,01,เปิดดำเนินการ,8  ซ.เเหลมเกตุ ถ.เจิมจอมพล,,,,,,,,,,,,,,,,11853, 
001429300,เทศบาลเมืองศรีราชา,23000,องค์การบริหารส่วนท้องถิ่น ไม่ระบุ,13,ศูนย์บริการสาธารณสุข,,0,20,จ.ชลบุรี,07,อ.ศรีราชา,06, ต.เขาคันทรง,00,หมู่ 0,01,เปิดดำเนินการ,,,,,10,1 ปฐมภูมิ,,,,,,,,,,,14293, 
001429400,เทศบาลตำบลแหลมฉบัง,23000,องค์การบริหารส่วนท้องถิ่น ไม่ระบุ,13,ศูนย์บริการสาธารณสุข,,0,20,จ.ชลบุรี,07,อ.ศรีราชา,06, ต.เขาคันทรง,00,หมู่ 0,01,เปิดดำเนินการ,,,,,10,1 ปฐมภูมิ,,,,,,,,,,,14294, 
001521200,ศูนย์บริการสาธารณสุขเทศบาลเจ้าพระยาสุรศักดิ์มนตรี,23000,องค์การบริหารส่วนท้องถิ่น ไม่ระบุ,13,ศูนย์บริการสาธารณสุข,,,20,จ.ชลบุรี,07,อ.ศรีราชา,01, ต.ศรีราชา,00,,01,เปิดดำเนินการ,,,,,10,1 ปฐมภูมิ,,,,,,,,,,,15212, 
002273900,สถานพยาบาลเรือนจำพิเศษพัทยา,16000,กระทรวงยุติธรรม ไม่ระบุ,13,ศูนย์บริการสาธารณสุข,,0,20,จ.ชลบุรี,04,อ.บางละมุง,03, ต.หนองปลาไหล,04,หมู่ 4,01,เปิดดำเนินการ,57 หมู่ 4,20150,,,10,1 ปฐมภูมิ,,,,,,,,,,,22739, 
002274700,สถานพยาบาลเรือนจำกลางชลบุรี,16000,กระทรวงยุติธรรม ไม่ระบุ,13,ศูนย์บริการสาธารณสุข,,0,20,จ.ชลบุรี,01,อ.เมืองชลบุรี,05, ต.บ้านสวน,02,หมู่ 2,01,เปิดดำเนินการ,135/5 ม. 2 ถ.พระยาสัจจา,20000,,,10,1 ปฐมภูมิ,,,,,,,,,,,22747, 
002285600,สถานพยาบาลทัณฑสถานหญิงชลบุรี,16000,กระทรวงยุติธรรม ไม่ระบุ,13,ศูนย์บริการสาธารณสุข,,0,20,จ.ชลบุรี,01,อ.เมืองชลบุรี,01, ต.บางปลาสร้อย,00,หมู่ 0,01,เปิดดำเนินการ,84 ถ.วชิรปราการ ,20000,,,10,1 ปฐมภูมิ,,,,,,,,,,,22856, 
001184100,เทศบาลตำบลคลองตำหรุ,23000,องค์การบริหารส่วนท้องถิ่น ไม่ระบุ,13,ศูนย์บริการสาธารณสุข,,0,20,จ.ชลบุรี,01,อ.เมืองชลบุรี,12, ต.คลองตำหรุ,00,หมู่ 0,01,เปิดดำเนินการ,,,,,10,1 ปฐมภูมิ,,,,,,,,,,,11841, 
002478400,คลินิกแพทย์มาโนชญ์ สูติ-นรีแพทย์,29000,เอกชน ไม่ระบุ,16,คลินิกเอกชน,,,20,จ.ชลบุรี,06,อ.พนัสนิคม,01, ต.พนัสนิคม,00,หมู่ 0,01,เปิดดำเนินการ,70-72 ถ.ศรีกุญชร,20140,071321512,,,,S,บริการ  ,,,,2012-02-21,,1996-04-01,,,24784, 
002478700,คลินิกแพทย์ยงยุทธ,29000,เอกชน ไม่ระบุ,16,คลินิกเอกชน,,,20,จ.ชลบุรี,06,อ.พนัสนิคม,01, ต.พนัสนิคม,00,หมู่ 0,01,เปิดดำเนินการ,101 ถ.ศรีจารุสัมพันธ์ 1,20140,038787942,038787942,,,S,บริการ  ,,,,2012-02-21,,1986-04-01,,,24787, 
002478800,ชูศักดิ์การแพทย์คลินิกและแล็บ,29000,เอกชน ไม่ระบุ,16,คลินิกเอกชน,,,20,จ.ชลบุรี,06,อ.พนัสนิคม,01, ต.พนัสนิคม,00,หมู่ 0,01,เปิดดำเนินการ,57/2 ถ.สระตราง,20140,038461487,,,,S,บริการ  ,,,,2012-02-21,,1980-04-10,,,24788, 
002478900,พนัสเวชคลินิก,29000,เอกชน ไม่ระบุ,16,คลินิกเอกชน,,,20,จ.ชลบุรี,06,อ.พนัสนิคม,01, ต.พนัสนิคม,00,หมู่ 0,01,เปิดดำเนินการ,17 ถ.สระตราง,20140,038461733,,,,S,บริการ  ,,,,2012-02-21,,1987-04-01,,,24789, 
002478600,คลินิกแพทย์บันเทิง,29000,เอกชน ไม่ระบุ,16,คลินิกเอกชน,,,20,จ.ชลบุรี,06,อ.พนัสนิคม,01, ต.พนัสนิคม,00,หมู่ 0,01,เปิดดำเนินการ,83/5 ถ.เมืองเก่า,20140,038474577,,,,S,บริการ  ,,,,2012-02-21,,1990-04-01,,,24786, 
002480800,คลินิกแพทย์วรรณา,29000,เอกชน ไม่ระบุ,16,คลินิกเอกชน,,,20,จ.ชลบุรี,06,อ.พนัสนิคม,01, ต.พนัสนิคม,00,หมู่ 0,01,เปิดดำเนินการ,2 ถ.ศรีวิชัย,20140,038369010,,,,S,บริการ  ,,,,2012-03-09,,1997-06-07,,,24808, 
001375408,ศูนย์ประกันสุขภาพ สาขาพัทยาใต้,30002,หน่วยงานอิสระ ไม่ระบุ,08,ศูนย์สุขภาพชุมชน ของ รพ.,,,20,จ.ชลบุรี,04,อ.บางละมุง,02, ต.หนองปรือ,12,หมู่ 12,01,เปิดดำเนินการ,315/70-71,20260,038251225,038251225,10,1 ปฐมภูมิ,S,บริการ  ,,,,2012-03-13,,2012-02-06,,,77763, 
002478500,คลินิกเวชกรรมเฉพาะทางแพทย์ขนิษฐา,29000,เอกชน ไม่ระบุ,16,คลินิกเอกชน,,,20,จ.ชลบุรี,06,อ.พนัสนิคม,01, ต.พนัสนิคม,00,หมู่ 0,01,เปิดดำเนินการ,126/4-5 ถ.ศรีจารุสัมพันธ์,20140,,,,,S,บริการ  ,,,,2012-02-21,,,,,24785, 
002481400,คลินิกเวชกรรมเฉพาะทางสูตินรีเวช,29000,เอกชน ไม่ระบุ,16,คลินิกเอกชน,,,20,จ.ชลบุรี,06,อ.พนัสนิคม,09, ต.กุฎโง้ง,06,หมู่ 6,01,เปิดดำเนินการ,100/35 ,20140,,,,,S,บริการ  ,,,,2012-04-24,,,,,24814, 
002481500,คลินิกเวชกรรมเฉพาะทางแพทย์วิศิษฏ์,29000,เอกชน ไม่ระบุ,16,คลินิกเอกชน,,,20,จ.ชลบุรี,06,อ.พนัสนิคม,01, ต.พนัสนิคม,00,หมู่ 0,01,เปิดดำเนินการ,106 ถ.สุขประยูร,20140,,,,,S,บริการ  ,,,,2012-04-24,,,,,24815, 
002482300,คลินิกเวขกรรมเฉพาะทางพร้อมพงศ์การแพทย์,29000,เอกชน ไม่ระบุ,16,คลินิกเอกชน,,,20,จ.ชลบุรี,01,อ.เมืองชลบุรี,04, ต.แสนสุข,00,หมู่ 0,01,เปิดดำเนินการ,319 ถ.สุขุมวิท,20130,0840404377,,,,S,บริการ  ,,,,2012-05-03,,,,,24823, 
002489500,คลินิกเวชกรรมแพทย์เพชรดา,29000,เอกชน ไม่ระบุ,16,คลินิกเอกชน,,,20,จ.ชลบุรี,07,อ.ศรีราชา,05, ต.หนองขาม,11,หมู่ 11,01,เปิดดำเนินการ,500/50,20230,0859770346 ,,,,S,บริการ  ,,,,2012-06-05,,2008-04-01,,,24895, 
002489600,คลินิกสหพัฒน์แพทย์ณรงค์,29000,เอกชน ไม่ระบุ,16,คลินิกเอกชน,,,20,จ.ชลบุรี,07,อ.ศรีราชา,05, ต.หนองขาม,11,หมู่ 11,01,เปิดดำเนินการ,556/1,20110,038481566,,,,S,บริการ  ,,,,2012-06-05,,1995-04-01,,,24896, 
002489700,คลินิกเวชกรรมแพทย์ฉัตรชัย,29000,เอกชน ไม่ระบุ,16,คลินิกเอกชน,,,20,จ.ชลบุรี,07,อ.ศรีราชา,03, ต.ทุ่งสุขลา,06,หมู่ 6,01,เปิดดำเนินการ,223/26,20230,0896082218,,,,S,บริการ  ,,,,2012-06-05,,2001-04-01,,,24897, 
002489800,รวมกแพทย์โพลีคลินิก,29000,เอกชน ไม่ระบุ,16,คลินิกเอกชน,,,20,จ.ชลบุรี,07,อ.ศรีราชา,01, ต.ศรีราชา,00,หมู่ 0,01,เปิดดำเนินการ,100/7-9,20110,038320224,,,,S,บริการ  ,,,,,,,,,24898, 
002497200,ศูนย์ไตเทียมเทศบาลเมืองชลบุรี,23000,องค์การบริหารส่วนท้องถิ่น ไม่ระบุ,13,ศูนย์บริการสาธารณสุข,,,20,จ.ชลบุรี,01,อ.เมืองชลบุรี,01, ต.บางปลาสร้อย,00,หมู่ 0,01,เปิดดำเนินการ,37/43,20000,038283315,038283316,10,1 ปฐมภูมิ,A,บริหาร  ,,,,2012-07-10,,2012-08-01,,,24972, 
002501200,คลินิกเวชกรรมเอเซียอินเตอร์,29000,เอกชน ไม่ระบุ,16,คลินิกเอกชน,,,20,จ.ชลบุรี,04,อ.บางละมุง,02, ต.หนองปรือ,09,หมู่ 9,01,เปิดดำเนินการ,340/28-29 ถ.พัทยาสาย 3,20150,038414055,,,,S,บริการ  ,,,,2012-08-23,,2012-07-17,,,25012, 
002799700,คลินิกศูนย์โรคกระดูกและข้อ,29000,เอกชน ไม่ระบุ,16,คลินิกเอกชน,,,20,จ.ชลบุรี,07,อ.ศรีราชา,01, ต.ศรีราชา,00,,01,เปิดดำเนินการ,90/1 ถ.สุรศักดิ์ 1,20110,038 772085,,,,S,บริการ  ,01,ตั้งใหม่,,2013-05-03,,,,,27997, 
002800500,โรงพยาบาลเมืองพัทยา,15000,กระทรวงมหาดไทย ไม่ระบุ,12,โรงพยาบาล นอก สธ.,,110,20,จ.ชลบุรี,04,อ.บางละมุง,02, ต.หนองปรือ,10,หมู่ 10,01,เปิดดำเนินการ,261/40,20260,,,,,,,01,ตั้งใหม่,,2013-06-04,,2013-05-28,,,28005, 
002885400,สถานพยาบาลอมตะเวชกรรม,29000,เอกชน ไม่ระบุ,15,โรงพยาบาลเอกชน,,7,20,จ.ชลบุรี,07,อ.ศรีราชา,08, ต.บ่อวิน,00,,01,เปิดดำเนินการ,7/11,20230,038345847-9,,,,,,01,ตั้งใหม่,กำหนดรหัสใหม่ได้ข้อมูลจากสำนักสถานพยาบาลฯปี 56,2013-12-12,,,,,28854, 
002886400,คลินิกเวชกรรมแพทย์โสรยา,29000,เอกชน ไม่ระบุ,16,คลินิกเอกชน,,,20,จ.ชลบุรี,06,อ.พนัสนิคม,09, ต.กุฎโง้ง,06,หมู่ 6,01,เปิดดำเนินการ,56/23,20140,0844666294,,,,,,01,ตั้งใหม่,,2014-01-14,,2013-03-22,,,28864, 
002405400,ศูนย์บริการสาธารณสุข 3,23000,องค์การบริหารส่วนท้องถิ่น ไม่ระบุ,13,ศูนย์บริการสาธารณสุข,,,20,จ.ชลบุรี,07,อ.ศรีราชา,03, ต.ทุ่งสุขลา,06,หมู่ 6,01,เปิดดำเนินการ,99/9,20230,038312622-33,038312622,10,1 ปฐมภูมิ,S,บริการ  ,00,,,2010-05-25,,2010-01-18,,,24054, 
002409500,คลินิกแพทย์สมชาย,29000,เอกชน ไม่ระบุ,16,คลินิกเอกชน,,,20,จ.ชลบุรี,02,อ.บ้านบึง,01, ต.บ้านบึง,00,หมู่ 0,01,เปิดดำเนินการ,58 ถ.ประโยชน์เนื่องจำนงค์ 2,20170,038-444852,,,,S,บริการ  ,00,,,2010-07-22,,,,,24095, 
002409600,คลินิกเวชกรรมหมอเบญจวรรณ,29000,เอกชน ไม่ระบุ,16,คลินิกเอกชน,,,20,จ.ชลบุรี,05,อ.พานทอง,02, ต.หนองตำลึง,00,หมู่ 0,01,เปิดดำเนินการ,109/9 หมู่ที่ 1 ถ.สุขประยูร,20160,068-839323,,,,S,บริการ  ,00,,,2010-07-22,,,,,24096, 
002409700,คลินิกเกษมการแพทย์,29000,เอกชน ไม่ระบุ,16,คลินิกเอกชน,,,20,จ.ชลบุรี,06,อ.พนัสนิคม,01, ต.พนัสนิคม,00,หมู่ 0,01,เปิดดำเนินการ,102 ถ.ศรีกุญชร,20140,038-462288,,,,S,บริการ  ,00,,,2010-07-22,,,,,24097, 
002409800,คลินิกเวชกรรมแพทย์สุริยัน,29000,เอกชน ไม่ระบุ,16,คลินิกเอกชน,,,20,จ.ชลบุรี,01,อ.เมืองชลบุรี,16, ต.เสม็ด,00,หมู่ 0,01,เปิดดำเนินการ,165/85 หมู่ที่ 3 ,20000,038-282444,,,,S,บริการ  ,,,,2010-07-22,,,,,24098, 
002409900,คลินิกเวชกรรมแพทย์ สุมนา-สายันต์,29000,เอกชน ไม่ระบุ,16,คลินิกเอกชน,,,20,จ.ชลบุรี,01,อ.เมืองชลบุรี,16, ต.เสม็ด,00,หมู่ 0,01,เปิดดำเนินการ,42/8 หมู่ที่ 2 ,20000,038-784212,,,,S,บริการ  ,00,,,2010-07-22,,,,,24099, 
002410000,เกาะโพธิ์คลินิกการแพทย์,29000,เอกชน ไม่ระบุ,16,คลินิกเอกชน,,,20,จ.ชลบุรี,11,อ.เกาะจันทร์,02, ต.ท่าบุญมี,00,หมู่ 0,01,เปิดดำเนินการ,108 ถ.เกาะโพธิ์-สามแยก,20240,087-6184904,,,,S,บริการ  ,00,,,2010-07-22,,,,,24100, 
002410100,คลินิกเวชกรรมแพทย์จิรศักดิ์,29000,เอกชน ไม่ระบุ,16,คลินิกเอกชน,,,20,จ.ชลบุรี,07,อ.ศรีราชา,03, ต.ทุ่งสุขลา,00,หมู่ 0,01,เปิดดำเนินการ,145/3 หมู่ที่ 7,20230,038-351353,,,,S,บริการ  ,00,,,2010-07-22,,,,,24101, 
002410300,คลินิกเด็กหมอกฤษดา,29000,เอกชน ไม่ระบุ,16,คลินิกเอกชน,,,20,จ.ชลบุรี,01,อ.เมืองชลบุรี,16, ต.เสม็ด,00,หมู่ 0,01,เปิดดำเนินการ,42/23 หมู่ที่ 2 ถ.อบต.เสม็ด,20000,,,,,S,บริการ  ,00,,,2010-07-22,,,,,24103, 
002410400,คลินิกจุมพลการแพทย์,29000,เอกชน ไม่ระบุ,16,คลินิกเอกชน,,,20,จ.ชลบุรี,02,อ.บ้านบึง,01, ต.บ้านบึง,00,หมู่ 0,01,เปิดดำเนินการ,3 หมู่ที่ 1 ถ.เจตน์อำนาจ,20170,038-8750242,,,,S,บริการ  ,00,,,2010-07-22,,,,,24104, 
002410500,หมอพรชัยคลินิกเวชกรรม,29000,เอกชน ไม่ระบุ,16,คลินิกเอกชน,,,20,จ.ชลบุรี,05,อ.พานทอง,07, ต.บ้านเก่า,00,หมู่ 0,01,เปิดดำเนินการ,109/19,20 หมู่ที่ 1 ถ.บ้านเก่า-พานทอง,20160,,,,,S,บริการ  ,00,,,2010-07-22,,,,,24105, 
002410700,คลินิกเวชกรรมแพทย์รัชดาภรณ์,29000,เอกชน ไม่ระบุ,16,คลินิกเอกชน,,,20,จ.ชลบุรี,10,อ.บ่อทอง,01, ต.บ่อทอง,00,หมู่ 0,01,เปิดดำเนินการ,99/205 หมู่ที่ 1,20270,038-712203,,,,S,บริการ  ,00,,,2010-07-23,,,,,24107, 
002410800,คลินิกเวชกรรมแพทย์สมเกียรติ,29000,เอกชน ไม่ระบุ,16,คลินิกเอกชน,,,20,จ.ชลบุรี,02,อ.บ้านบึง,01, ต.บ้านบึง,00,หมู่ 0,01,เปิดดำเนินการ,40/8 ถ.วิฑูรย์ดำริ,20170,081-4094229,,,,S,บริการ  ,00,,,2010-07-23,,,,,24108, 
002410900,หมอเด็กคลินิกเวชกรรมเฉพาะทาง,29000,เอกชน ไม่ระบุ,16,คลินิกเอกชน,,,20,จ.ชลบุรี,01,อ.เมืองชลบุรี,09, ต.ดอนหัวฬ่อ,00,หมู่ 0,01,เปิดดำเนินการ,87/32 หมู่ที่ 5 ,20000,038-440565,,,,S,บริการ  ,00,,,2010-07-23,,,,,24109, 
002411000,คลินิกแพทย์กันตนพกระดูกและข้อ,29000,เอกชน ไม่ระบุ,16,คลินิกเอกชน,,,20,จ.ชลบุรี,01,อ.เมืองชลบุรี,01, ต.บางปลาสร้อย,00,หมู่ 0,01,เปิดดำเนินการ,298-300 ถ.วชิรปราการ,20000,038-275619,,,,S,บริการ  ,00,,,2010-07-23,,,,,24110, 
002411100,คลินิกเฉพาะทางหมอพัชรินทร์-หมอทรงวุฒิ,29000,เอกชน ไม่ระบุ,16,คลินิกเอกชน,,,20,จ.ชลบุรี,04,อ.บางละมุง,02, ต.หนองปรือ,00,หมู่ 0,01,เปิดดำเนินการ,128/88 หมู่ที่ 9 ถ.พัทยาสาย 3,20150,081-7609053,,,,S,บริการ  ,00,,,2010-07-23,,,,,24111, 
002411200,คลินิกเวชกรรมแพทย์พินิจ-ขนิษฐ์ชม,29000,เอกชน ไม่ระบุ,16,คลินิกเอกชน,,,20,จ.ชลบุรี,01,อ.เมืองชลบุรี,05, ต.บ้านสวน,00,หมู่ 0,01,เปิดดำเนินการ,36/114-5 หมู่ที่ 2 ถ.เทศบาล-บ้านสวนซอย 9,20000,038-282007,,,,S,บริการ  ,00,,,2010-07-23,,,,,24112, 
002411400,คลินิกแพทย์พงษ์ปกรณ์,29000,เอกชน ไม่ระบุ,16,คลินิกเอกชน,,,20,จ.ชลบุรี,02,อ.บ้านบึง,01, ต.บ้านบึง,00,หมู่ 0,01,เปิดดำเนินการ,95 ถ.ประโยชน์เนื่องจำนงค์ 2,20170,038-446336,,,,S,บริการ  ,00,,,2010-07-23,,,,,24114, 
002411500,คลินิกแพทย์อภิชาติเวชกรรม,29000,เอกชน ไม่ระบุ,16,คลินิกเอกชน,,,20,จ.ชลบุรี,06,อ.พนัสนิคม,01, ต.พนัสนิคม,00,หมู่ 0,01,เปิดดำเนินการ,3/2 ถ.ทุมมาวาส,20140,038-4734583,,,,S,บริการ  ,00,,,2010-07-23,,,,,24115, 
002411700,คลินิกเวชกรรมแพทย์วินิตย์,29000,เอกชน ไม่ระบุ,16,คลินิกเอกชน,,,20,จ.ชลบุรี,01,อ.เมืองชลบุรี,05, ต.บ้านสวน,00,หมู่ 0,01,เปิดดำเนินการ,194/12 หมู่ที่ 9 ถ.สุขุมวิท,20000,038-287071,,,,S,บริการ  ,00,,,2010-07-23,,,,,24117, 
002411800,คลินิกเวชกรรมหมอศิริพร,29000,เอกชน ไม่ระบุ,16,คลินิกเอกชน,,,20,จ.ชลบุรี,11,อ.เกาะจันทร์,02, ต.ท่าบุญมี,00,หมู่ 0,01,เปิดดำเนินการ,99 หมู่ที่ 4 ถ.เกาะโพธิ์-สามแยก,20240,086-5771358,,,,S,บริการ  ,00,,,2010-07-23,,,,,24118, 
002411900,คลินิกแพทย์อาภรณ์,29000,เอกชน ไม่ระบุ,16,คลินิกเอกชน,,,20,จ.ชลบุรี,02,อ.บ้านบึง,02, ต.คลองกิ่ว,00,หมู่ 0,01,เปิดดำเนินการ,200/9 หมู่ที่ 1,20220,038-201952,,,,S,บริการ  ,00,,,2010-07-23,,,,,24119, 
002412000,คลินิกแพทย์แววดาว,29000,เอกชน ไม่ระบุ,16,คลินิกเอกชน,,,20,จ.ชลบุรี,02,อ.บ้านบึง,01, ต.บ้านบึง,00,หมู่ 0,01,เปิดดำเนินการ,82/35 หมู่ที่ 1,20170,038-445960,,,,S,บริการ  ,00,,,2010-07-23,,,,,24120, 
002412100,คลินิกเด็กหมออนุพงษ์,29000,เอกชน ไม่ระบุ,16,คลินิกเอกชน,,,20,จ.ชลบุรี,01,อ.เมืองชลบุรี,01, ต.บางปลาสร้อย,00,หมู่ 0,01,เปิดดำเนินการ,291 ถ.วชิรปราการ,20000,038-8284362,,,,S,บริการ  ,00,,,2010-07-23,,,,,24121, 
002412200,คลินิกเวชกรรมแพทย์โสภณ,29000,เอกชน ไม่ระบุ,16,คลินิกเอกชน,,,20,จ.ชลบุรี,05,อ.พานทอง,01, ต.พานทอง,00,หมู่ 0,01,เปิดดำเนินการ,2/7 หมู่ที่ 7 ถ.พานทอง-หัวไผ่,20160,081-8394924,,,,S,บริการ  ,00,,,2010-07-23,,,,,24122, 
002412300,คลินิกแพทย์สมจริง,29000,เอกชน ไม่ระบุ,16,คลินิกเอกชน,,,20,จ.ชลบุรี,02,อ.บ้านบึง,06, ต.หนองชาก,00,หมู่ 0,01,เปิดดำเนินการ,23/25 หมู่ที่ 3,20170,038-443160,,,,S,บริการ  ,00,,,2010-07-23,,,,,24123, 
002412400,แฟมิลี่คลินิกเวชกรรม,29000,เอกชน ไม่ระบุ,16,คลินิกเอกชน,,,20,จ.ชลบุรี,01,อ.เมืองชลบุรี,07, ต.นาป่า,00,หมู่ 0,01,เปิดดำเนินการ,26/4 หมู่ที่ 1,20000,038-277206,,,,S,บริการ  ,00,,,2010-07-23,,,,,24124, 
002411600,สหพัฒน์คลินิกเวชกรรม,29000,เอกชน ไม่ระบุ,16,คลินิกเอกชน,,,20,จ.ชลบุรี,07,อ.ศรีราชา,05, ต.หนองขาม,11,หมู่ 11,01,เปิดดำเนินการ,661/9 ,20230,089-831950,,,,S,บริการ  ,00,,,2010-07-23,,,,,24116, 
002410200,คลินิกกมลการแพทย์,29000,เอกชน ไม่ระบุ,16,คลินิกเอกชน,,,20,จ.ชลบุรี,07,อ.ศรีราชา,07, ต.บางพระ,10,หมู่ 10,01,เปิดดำเนินการ,67/2 ถ.สุขุมวิท,20210,038-341647,,,,S,บริการ  ,00,,,2010-07-22,,1981-04-09,,,24102, 
002412600,คลินิกแพทย์คณิศร,29000,เอกชน ไม่ระบุ,16,คลินิกเอกชน,,,20,จ.ชลบุรี,01,อ.เมืองชลบุรี,11, ต.บางทราย,00,หมู่ 0,01,เปิดดำเนินการ,91 ถ.พิพิธ,20000,038-794869,,,,S,บริการ  ,00,,,2010-07-23,,,,,24126, 
002412700,มิตรไมตรีคลินิกเวชกรรม (เขาตาโล),29000,เอกชน ไม่ระบุ,16,คลินิกเอกชน,,,20,จ.ชลบุรี,04,อ.บางละมุง,02, ต.หนองปรือ,10,หมู่ 10,01,เปิดดำเนินการ,209/24-25 ถ.สุขุมวิท ,20150,038332296,,,,,,00,,,2010-07-23,,2010-07-01,,,24127, 
002412800,มิตรไมตรีคลินิกเวชกรรม (เขาน้อย),29000,เอกชน ไม่ระบุ,16,คลินิกเอกชน,,,20,จ.ชลบุรี,04,อ.บางละมุง,02, ต.หนองปรือ,05,หมู่ 5,01,เปิดดำเนินการ,99/29-30 ถ.สุขุมวิท,20150,038068952,,,,S,บริการ  ,,,,2010-07-23,,2010-07-01,,,24128, 
002413100,คลินิกกระดูกและข้อแพทย์มณเฑียร,29000,เอกชน ไม่ระบุ,16,คลินิกเอกชน,,,20,จ.ชลบุรี,01,อ.เมืองชลบุรี,05, ต.บ้านสวน,00,หมู่ 0,01,เปิดดำเนินการ,111/1/  ถ.เศรษฐกิจ,20000,038287184,,,,,,00,,,2010-07-24,,,,,24131, 
002413400,คลินิกแพทย์ภาณุพันธ์เวชกรรม,29000,เอกชน ไม่ระบุ,16,คลินิกเอกชน,,,20,จ.ชลบุรี,01,อ.เมืองชลบุรี,11, ต.บางทราย,06,หมู่ 6,01,เปิดดำเนินการ,1/28 ถ.เลียบชายทะเล,20000,,,,,S,บริการ  ,00,,,2010-07-24,,,,,24134, 
002413500,คลินิกแพทย์องอาจ,29000,เอกชน ไม่ระบุ,16,คลินิกเอกชน,,,20,จ.ชลบุรี,01,อ.เมืองชลบุรี,16, ต.เสม็ด,02,หมู่ 2,01,เปิดดำเนินการ,42/33,20000,018742741,,,,S,บริการ  ,00,,,2010-07-24,,,,,24135, 
002413600,คลินิกโรคกระดูกและข้อ,29000,เอกชน ไม่ระบุ,16,คลินิกเอกชน,,,20,จ.ชลบุรี,02,อ.บ้านบึง,01, ต.บ้านบึง,00,หมู่ 0,01,เปิดดำเนินการ,3 ถ.ประโยชน์เนื่องจำนงค์ 2,20170,038445731,,,,S,บริการ  ,00,,,2010-07-24,,,,,24136, 
002413700,คลินิกแพทย์ธวัชชัย,29000,เอกชน ไม่ระบุ,16,คลินิกเอกชน,,,20,จ.ชลบุรี,01,อ.เมืองชลบุรี,05, ต.บ้านสวน,06,หมู่ 6,01,เปิดดำเนินการ,87/8 ถ.ชลบุรี-บ้านบึง,20000,038798046,,,,S,บริการ  ,00,,,2010-07-24,,,,,24137, 
002413800,คลินิกประพันธ์การแพทย์,29000,เอกชน ไม่ระบุ,16,คลินิกเอกชน,,,20,จ.ชลบุรี,06,อ.พนัสนิคม,01, ต.พนัสนิคม,00,หมู่ 0,01,เปิดดำเนินการ,138 ถ.เมืองเก่า,2140,038461049,,,,S,บริการ  ,00,,,2010-07-24,,,,,24138, 
002413900,คลินิกเวชกรรมแพทย์วิชัย-แพทย์หญิงอภิสรา,29000,เอกชน ไม่ระบุ,16,คลินิกเอกชน,,,20,จ.ชลบุรี,02,อ.บ้านบึง,01, ต.บ้านบึง,00,หมู่ 0,01,เปิดดำเนินการ,14 ถ.บวรสถิตย์,20170,038445471,,,,S,บริการ  ,00,,,2010-07-24,,,,,24139, 
002414000,สำนักงานแพทย์,29000,เอกชน ไม่ระบุ,16,คลินิกเอกชน,,,20,จ.ชลบุรี,01,อ.เมืองชลบุรี,01, ต.บางปลาสร้อย,00,หมู่ 0,01,เปิดดำเนินการ,180 ถ.วชิรปราการ,20000,038282562,,,,S,บริการ  ,00,,,2010-07-24,,,,,24140, 
002414100,คลินิกแพทย์สาโรจน์ อมรรัตน์ กระดูกข้อและสูตินรีเวช,29000,เอกชน ไม่ระบุ,16,คลินิกเอกชน,,,20,จ.ชลบุรี,05,อ.พานทอง,07, ต.บ้านเก่า,01,หมู่ 1,01,เปิดดำเนินการ,70/8-9 ถ.สุขุมวิท-พานทอง,20160,0868285514,,,,S,บริการ  ,00,,,2010-07-24,,,,,24141, 
002414200,วิชัยคลินิกเวชกรรมเฉพาะทาง,29000,เอกชน ไม่ระบุ,16,คลินิกเอกชน,,,20,จ.ชลบุรี,02,อ.บ้านบึง,01, ต.บ้านบึง,00,หมู่ 0,01,เปิดดำเนินการ,3/7-8 ถ.บ้านบึง-สันติ,20170,038444491,,,,S,บริการ  ,00,,,2010-07-24,,,,,24142, 
002414300,คลินิกแพทย์ทรงพล,29000,เอกชน ไม่ระบุ,16,คลินิกเอกชน,,,20,จ.ชลบุรี,01,อ.เมืองชลบุรี,01, ต.บางปลาสร้อย,00,หมู่ 0,01,เปิดดำเนินการ,6/4-5 ถ.วชิรปราการ,20000,038790235,,,,S,บริการ  ,00,,,2010-07-24,,,,,24143, 
002425500,คลินิกพญาไทเวชกรรม สาขา บ่อวิน,29000,เอกชน ไม่ระบุ,16,คลินิกเอกชน,,,20,จ.ชลบุรี,07,อ.ศรีราชา,08, ต.บ่อวิน,03,หมู่ 3,01,เปิดดำเนินการ,310/4-5,20230,0383379988,,,,,,00,,,2010-08-30,,2002-04-01,,,24255, 
002425600,คลินิกพญาไทเวชกรรม สาขา สหพัฒน์,29000,เอกชน ไม่ระบุ,16,คลินิกเอกชน,,,20,จ.ชลบุรี,07,อ.ศรีราชา,04, ต.บึง,00,หมู่ 0,01,เปิดดำเนินการ,99/167-168,20110,038062101,,,,,,00,,,2010-08-30,,2002-04-01,,,24256, 
002425900,คลินิกเวชกรรเฉพาะทางพัทยาแพทย์เฉพาะทาง,29000,เอกชน ไม่ระบุ,16,คลินิกเอกชน,,,20,จ.ชลบุรี,04,อ.บางละมุง,02, ต.หนองปรือ,09,หมู่ 9,01,เปิดดำเนินการ,116/2 ถ.พัทยากลาง,20260,0818183306,,,,,,00,,,2010-08-30,,,,,24259, 
002426000,คลินิกเวชกรรมแพทย์วิทยา,29000,เอกชน ไม่ระบุ,16,คลินิกเอกชน,,,20,จ.ชลบุรี,07,อ.ศรีราชา,03, ต.ทุ่งสุขลา,10,หมู่ 10,01,เปิดดำเนินการ,114/58,20230,0384909985,,,,,,00,,,2010-08-30,,,,,24260, 
002426100,คลินิกหมอสุรัตน์เวชกรรม,29000,เอกชน ไม่ระบุ,16,คลินิกเอกชน,,,20,จ.ชลบุรี,01,อ.เมืองชลบุรี,04, ต.แสนสุข,00,หมู่ 0,01,เปิดดำเนินการ,100 ถ.สุขุมวิท,20130,038390109,,,,,,00,,,2010-08-30,,,,,24261, 
002426200,คลินิกอายุรกรรมหมอชัชวาล,29000,เอกชน ไม่ระบุ,16,คลินิกเอกชน,,,20,จ.ชลบุรี,07,อ.ศรีราชา,01, ต.ศรีราชา,00,หมู่ 0,01,เปิดดำเนินการ,13/1-2 ถ.สุรศักดิ์,20110,038328376,,,,,,00,,,2010-08-30,,,,,24262, 
002426300,นายแพทย์โอภาสคลินิกเวชกรรม,29000,เอกชน ไม่ระบุ,16,คลินิกเอกชน,,,20,จ.ชลบุรี,04,อ.บางละมุง,02, ต.หนองปรือ,09,หมู่ 9,01,เปิดดำเนินการ,312-7-8,20260,038425833,,,,,,00,,,,,,,,24263, 
002426400,คลินิกแพทย์คมวุฒิ,29000,เอกชน ไม่ระบุ,16,คลินิกเอกชน,,,20,จ.ชลบุรี,07,อ.ศรีราชา,01, ต.ศรีราชา,00,หมู่ 0,01,เปิดดำเนินการ,184/1 ถ.สุรศักดิ์,20110,038328177,,,,,,,,,2010-08-30,,,,,24264, 
002426500,คลินิกแพทย์พงศ์ศักดิ์,29000,เอกชน ไม่ระบุ,16,คลินิกเอกชน,,,20,จ.ชลบุรี,07,อ.ศรีราชา,01, ต.ศรีราชา,00,หมู่ 0,01,เปิดดำเนินการ,1 ถ.เทศบาล 1,20110,038323796,,,,,,00,,,2010-08-30,,,,,24265, 
002426600,สถานพยาบาลเทศเวชกรรมทั่วไป,29000,เอกชน ไม่ระบุ,16,คลินิกเอกชน,,,20,จ.ชลบุรี,01,อ.เมืองชลบุรี,01, ต.บางปลาสร้อย,00,หมู่ 0,01,เปิดดำเนินการ,104/15ก ซ.หน้าวัดต้นสน ถ.อัคนิวาต,20000,038284354-5,,,,,,00,,,2010-08-30,,,,,24266, 
002426700,คลินิกแพทย์สมควร,29000,เอกชน ไม่ระบุ,16,คลินิกเอกชน,,,20,จ.ชลบุรี,07,อ.ศรีราชา,01, ต.ศรีราชา,00,หมู่ 0,01,เปิดดำเนินการ,148/3 ถ.สุรศักดิ์ 1,20110,038312373,,,,,,00,,,2010-08-30,,,,,24267, 
002426800,คลินิกเวชกรรมแพทย์ประสงค์,29000,เอกชน ไม่ระบุ,16,คลินิกเอกชน,,,20,จ.ชลบุรี,07,อ.ศรีราชา,01, ต.ศรีราชา,00,หมู่ 0,01,เปิดดำเนินการ,137/68 ถ.สุขุมวิท,20110,038314966,,,,,,00,,,2010-08-30,,,,,24268, 
002426900,คลินิก หู คอ จมูก สัตหีบเวชกรรมเฉพาะทาง,29000,เอกชน ไม่ระบุ,16,คลินิกเอกชน,,,20,จ.ชลบุรี,09,อ.สัตหีบ,01, ต.สัตหีบ,05,หมู่ 5,01,เปิดดำเนินการ,82/128 ถ.สุขุมวิท,20180,038439466,,,,,,,,,2010-08-30,,,,,24269, 
002427000,ศรีราชาโพลีคลินิกเวชการ,29000,เอกชน ไม่ระบุ,16,คลินิกเอกชน,,,20,จ.ชลบุรี,07,อ.ศรีราชา,05, ต.หนองขาม,11,หมู่ 11,01,เปิดดำเนินการ,661/12-13 ถ.สุขาภิบาล 8,20280,038762820,,,,,,00,,,2010-08-30,,,,,24270, 
002427200,คลินิกแพทย์วันชัยระบบทางเดินปัสสาวะ,29000,เอกชน ไม่ระบุ,16,คลินิกเอกชน,,,20,จ.ชลบุรี,07,อ.ศรีราชา,01, ต.ศรีราชา,00,หมู่ 0,01,เปิดดำเนินการ,81/10 ถ.เจิมจอมพล,20110,038324856,,,,,,00,,,2010-08-30,,,,,24272, 
002427300,คลินิกแพทย์สวัสดิพงศ์,29000,เอกชน ไม่ระบุ,16,คลินิกเอกชน,,,20,จ.ชลบุรี,04,อ.บางละมุง,02, ต.หนองปรือ,10,หมู่ 10,01,เปิดดำเนินการ,20/1 ถ.เขาพระตำหนัก,20260,038710254,,,,,,,,,2010-08-30,,,,,24273, 
002427400,คลินิกเวชกรรมแพทย์ปริภา,29000,เอกชน ไม่ระบุ,16,คลินิกเอกชน,,,20,จ.ชลบุรี,07,อ.ศรีราชา,02, ต.สุรศักดิ์,08,หมู่ 8,01,เปิดดำเนินการ,372/119,20100,0891064040,,,,,,00,,,2010-08-30,,,,,24274, 
002427500,คลินิกแพทย์พงศ์ศักดิ์,29000,เอกชน ไม่ระบุ,16,คลินิกเอกชน,,,20,จ.ชลบุรี,05,อ.พานทอง,01, ต.พานทอง,00,หมู่ 0,01,เปิดดำเนินการ,59/4-5 ถ.พานทอง-หัวไผ่,20160,038740118,,,,,,00,,,2010-08-30,,,,,24275, 
002427600,คลินิกแพทย์อภิชาติ,29000,เอกชน ไม่ระบุ,16,คลินิกเอกชน,,,20,จ.ชลบุรี,07,อ.ศรีราชา,03, ต.ทุ่งสุขลา,08,หมู่ 8,01,เปิดดำเนินการ,209/96 ถ.สุขาภิบาล 8,20230,038354212,,,,,,00,,,2010-08-30,,,,,24276, 
002427700,คลินิก หู คอ จมูก ภูมิแพ้หมอบรรเจิด,29000,เอกชน ไม่ระบุ,16,คลินิกเอกชน,,,20,จ.ชลบุรี,07,อ.ศรีราชา,01, ต.ศรีราชา,00,หมู่ 0,01,เปิดดำเนินการ,90 ถ.สุรศักดิ์ 1,20110,038323223,,,,,,,,,2010-08-30,,,,,24277, 
001375403,ศูนย์ประกันสุขภาพ สาขา พัทยาเหนือ,30002,หน่วยงานอิสระ ไม่ระบุ,08,ศูนย์สุขภาพชุมชน ของ รพ.,,,20,จ.ชลบุรี,04,อ.บางละมุง,08, ต.นาเกลือ,06,หมู่ 6,01,เปิดดำเนินการ,6/59-60,20260,038423294,,10,1 ปฐมภูมิ,,,,,,2010-08-30,,2010-02-22,,,99847, 
001375404,ศูนย์ประกันสุขภาพ สาขา แหลมฉบัง,30002,หน่วยงานอิสระ ไม่ระบุ,08,ศูนย์สุขภาพชุมชน ของ รพ.,,,20,จ.ชลบุรี,07,อ.ศรีราชา,03, ต.ทุ่งสุขลา,10,หมู่ 10,01,เปิดดำเนินการ,4/3-4,20110,038491880,038311009,10,1 ปฐมภูมิ,,,00,,,2010-08-30,,2004-01-05,,,99846, 
001375405,ศูนย์ประกันสุขภาพ สาขาบ่อวิน,30002,หน่วยงานอิสระ ไม่ระบุ,08,ศูนย์สุขภาพชุมชน ของ รพ.,,,20,จ.ชลบุรี,07,อ.ศรีราชา,08, ต.บ่อวิน,06,หมู่ 6,01,เปิดดำเนินการ,271/31-32,20230,038346644,038311009,10,1 ปฐมภูมิ,,,00,,,2010-08-30,,2001-07-09,,,99845, 
001375407,ศูนย์ประกันสุขภาพ สาขาสหพัฒน์,30002,หน่วยงานอิสระ ไม่ระบุ,08,ศูนย์สุขภาพชุมชน ของ รพ.,,,20,จ.ชลบุรี,07,อ.ศรีราชา,05, ต.หนองขาม,00,หมู่ 0,01,เปิดดำเนินการ,664/4-6,20280,038481720,038311009,10,1 ปฐมภูมิ,,,00,,,2010-08-30,,2003-01-06,,,99843, 
002427800,คลินิกเวชกรรมไร่กล้วย,29000,เอกชน ไม่ระบุ,16,คลินิกเอกชน,,,20,จ.ชลบุรี,07,อ.ศรีราชา,02, ต.สุรศักดิ์,07,หมู่ 7,01,เปิดดำเนินการ,119/10,20110,0897723252,,,,,,00,,,2010-08-30,,,,,24278, 
002427900,คลินิกเวชกรรมแพทย์เกรียงไกร,29000,เอกชน ไม่ระบุ,16,คลินิกเอกชน,,,20,จ.ชลบุรี,07,อ.ศรีราชา,01, ต.ศรีราชา,00,หมู่ 0,01,เปิดดำเนินการ,98/13,20110,038325791,,,,,,00,,,2010-08-30,,,,,24279, 
002428000,คลินิกรัตนาการแพทย์,29000,เอกชน ไม่ระบุ,16,คลินิกเอกชน,,,20,จ.ชลบุรี,07,อ.ศรีราชา,01, ต.ศรีราชา,00,หมู่ 0,01,เปิดดำเนินการ,31 ถ.สุขุมวิท,20110,015900983,,,,,,00,,,2010-08-30,,,,,24280, 
002428100,คลินิกแพทย์จรุง,29000,เอกชน ไม่ระบุ,16,คลินิกเอกชน,,,20,จ.ชลบุรี,01,อ.เมืองชลบุรี,04, ต.แสนสุข,00,หมู่ 0,01,เปิดดำเนินการ,3 ถ.สุขุมวิท,20130,03839431,,,,,,00,,,2010-08-30,,,,,24281, 
002428200,คลินิกอนันต์การแพทย์,29000,เอกชน ไม่ระบุ,16,คลินิกเอกชน,,,20,จ.ชลบุรี,07,อ.ศรีราชา,01, ต.ศรีราชา,00,หมู่ 0,01,เปิดดำเนินการ,41/43 ถ.สุรศักดิ์,20110,038311038,,,,,,00,,,2010-08-30,,,,,24282, 
002428300,คลินิกธนเวช,29000,เอกชน ไม่ระบุ,16,คลินิกเอกชน,,,20,จ.ชลบุรี,01,อ.เมืองชลบุรี,05, ต.บ้านสวน,09,หมู่ 9,01,เปิดดำเนินการ,252/12 ถ.สุขุมวิท,20000,038270434,,,,,,00,,,2010-08-30,,,,,24283, 
002428400,คลินิกแพทย์กมล-แพทย์คงศักดิ์,29000,เอกชน ไม่ระบุ,16,คลินิกเอกชน,,,20,จ.ชลบุรี,07,อ.ศรีราชา,01, ต.ศรีราชา,00,หมู่ 0,01,เปิดดำเนินการ,90/6 ถ.สุรศักดิ์ 1,20110,038313439,,,,,,00,,,2010-08-30,,,,,24284, 
002428500,คลินิกเวชกรรมคุณหมอไพรัช,29000,เอกชน ไม่ระบุ,16,คลินิกเอกชน,,,20,จ.ชลบุรี,07,อ.ศรีราชา,02, ต.สุรศักดิ์,02,หมู่ 2,01,เปิดดำเนินการ,377/153 ,20110,038310628,,,,,,00,,,2010-08-30,,,,,24285, 
002428600,คลินิกแพทย์กนก,29000,เอกชน ไม่ระบุ,16,คลินิกเอกชน,,,20,จ.ชลบุรี,07,อ.ศรีราชา,03, ต.ทุ่งสุขลา,07,หมู่ 7,01,เปิดดำเนินการ,164/123,20230,038766083,,,,,,00,,,2010-08-30,,,,,24286, 
002428700,จีระชนจักษุคลินิก,29000,เอกชน ไม่ระบุ,16,คลินิกเอกชน,,,20,จ.ชลบุรี,07,อ.ศรีราชา,01, ต.ศรีราชา,00,หมู่ 0,01,เปิดดำเนินการ,19/41-42 ถ.เจิมจอมพล,20110,038323722,,,,,,00,,,2010-08-30,,,,,24287, 
002428800,คลินิกเวชกรรมเฉพาะทางศรีราชาอายุรแพทย์,29000,เอกชน ไม่ระบุ,16,คลินิกเอกชน,,,20,จ.ชลบุรี,07,อ.ศรีราชา,01, ต.ศรีราชา,00,หมู่ 0,01,เปิดดำเนินการ,49 ถ.เจิมจอมพล,20110,081811/8358,,,,,,00,,,2010-08-30,,,,,24288, 
002430000,มิตรไมตรีคลินิกเวชกรรม(เนินพลับหวาน),29000,เอกชน ไม่ระบุ,16,คลินิกเอกชน,,,20,จ.ชลบุรี,04,อ.บางละมุง,02, ต.หนองปรือ,00,หมู่ 0,01,เปิดดำเนินการ,67/50-51 หมู่ที่ 5 ซ.เนินพลับหวาน ถ.สุขุมวิท,20150,038426856,,,,S,บริการ  ,00,,,2010-09-03,,,,,24300, 
002431500,ศรีจุฬาคลินิกเวชกรรม,29000,เอกชน ไม่ระบุ,16,คลินิกเอกชน,,,20,จ.ชลบุรี,09,อ.สัตหีบ,01, ต.สัตหีบ,01,หมู่ 1,01,เปิดดำเนินการ,0395 ถ.สายกลาง,20180,038700000,,,,,,00,,,2010-09-07,,,,,24315, 
002431700,คลินิกแพทย์เกียงไกร,29000,เอกชน ไม่ระบุ,16,คลินิกเอกชน,,,20,จ.ชลบุรี,09,อ.สัตหีบ,01, ต.สัตหีบ,08,หมู่ 8,01,เปิดดำเนินการ,7/10 ถ.สุขุมวิท,20180,0384436904,,,,,,00,,,2010-09-07,,,,,24317, 
002431800,คลินิกแพทย์ธีรศักดิ์,29000,เอกชน ไม่ระบุ,16,คลินิกเอกชน,,,20,จ.ชลบุรี,09,อ.สัตหีบ,01, ต.สัตหีบ,02,หมู่ 2,01,เปิดดำเนินการ,18/77-78,20180,0818394924,,,,,,00,,,2010-09-07,,,,,24318, 
002432900,คลินิกแพทย์ฤกษ์โรจน์,29000,เอกชน ไม่ระบุ,16,คลินิกเอกชน,,,20,จ.ชลบุรี,09,อ.สัตหีบ,02, ต.นาจอมเทียน,04,หมู่ 4,01,เปิดดำเนินการ,159/22,20180,0382381087,,,,,,00,,,2010-09-07,,,,,24329, 
002433000,คลินิกแพทย์จอมเทียน,29000,เอกชน ไม่ระบุ,16,คลินิกเอกชน,,,20,จ.ชลบุรี,04,อ.บางละมุง,02, ต.หนองปรือ,12,หมู่ 12,01,เปิดดำเนินการ,131/60 ซ.ชัยพฤกษ์ ถ.สุขุมวิท,20260,038232614,,,,,,00,,,2010-09-07,,,,,24330, 
002433100,คลินิกเวชกรรมแพทย์ชวัช,29000,เอกชน ไม่ระบุ,16,คลินิกเอกชน,,,20,จ.ชลบุรี,04,อ.บางละมุง,08, ต.นาเกลือ,05,หมู่ 5,01,เปิดดำเนินการ,1-2 ถ.พัทยา-นาเกลือ,20150,038221072,,,,,,00,,,2010-09-07,,,,,24331, 
002433200,มงกุฎบ่อวินคลินิกเวชกรรม,29000,เอกชน ไม่ระบุ,16,คลินิกเอกชน,,,20,จ.ชลบุรี,07,อ.ศรีราชา,08, ต.บ่อวิน,03,หมู่ 3,01,เปิดดำเนินการ,116/67,20230,038337373,,,,,,,,,,,,,,24332, 
002431900,คลินิกแพทย์พัลลภเวชกรรม,29000,เอกชน ไม่ระบุ,16,คลินิกเอกชน,,,20,จ.ชลบุรี,09,อ.สัตหีบ,03, ต.พลูตาหลวง,02,หมู่ 2,01,เปิดดำเนินการ,20/21ถ.ทางหลวง 331,20180,038244185,,,,,,00,,,2010-09-07,,,,,24319, 
002465900,ชลบุรีคลินิกเวชกรรม,29000,เอกชน ไม่ระบุ,16,คลินิกเอกชน,,,20,จ.ชลบุรี,01,อ.เมืองชลบุรี,16, ต.เสม็ด,01,หมู่ 1,01,เปิดดำเนินการ,119/19 ถ.พระยาสัจจา,20000,038287708 , 038287709,038287709,,,S,บริการ  ,09,อื่นๆ,,2010-12-15,,2010-08-27,,,24659, 
002466600,คณะการแพทย์แผนไทยอภัยภูเบศร มหาวิทยาลัยบูรพา,20000,กระทรวงศึกษาธิการ ไม่ระบุ,13,ศูนย์บริการสาธารณสุข,,,20,จ.ชลบุรี,01,อ.เมืองชลบุรี,04, ต.แสนสุข,00,หมู่ 0,01,เปิดดำเนินการ,169,20131,038102631,038102631,10,1 ปฐมภูมิ,S,บริการ  ,,,,2011-01-31,,2010-10-18,,,24666, 
002467100,ศูนย์บริการสาธารณสุขเทศบาลเมืองหนองปรือ,23000,องค์การบริหารส่วนท้องถิ่น ไม่ระบุ,13,ศูนย์บริการสาธารณสุข,,,20,จ.ชลบุรี,04,อ.บางละมุง,02, ต.หนองปรือ,10,หมู่ 10,01,เปิดดำเนินการ,199,20150,038249820,0382482582,10,1 ปฐมภูมิ,S,บริการ  ,,,,2011-02-15,,2010-08-16,,,24671, 
002469900,คลินิกหมอฤทธิเดชเวชกรรมเฉพาะทาง,29000,เอกชน ไม่ระบุ,16,คลินิกเอกชน,,,20,จ.ชลบุรี,01,อ.เมืองชลบุรี,11, ต.บางทราย,01,หมู่ 1,01,เปิดดำเนินการ,91,20000,038221776,,,,S,บริการ  ,,,,2011-06-06,,2003-04-01,,,24699, 
002470000,คลินิกกายภาพบำบัดนาเกลือ,29000,เอกชน ไม่ระบุ,16,คลินิกเอกชน,,,20,จ.ชลบุรี,04,อ.บางละมุง,08, ต.นาเกลือ,04,หมู่ 4,01,เปิดดำเนินการ,14 ถ.พัทยา-นาเกลือ,20150,0850457971,038221776,,,,S,บริการ  ,,,,2011-06-06,,,,,24700, 
002410600,คลินิกสิงห์โต-พัชรินทร์การแพทย์,29000,เอกชน ไม่ระบุ,16,คลินิกเอกชน,,,20,จ.ชลบุรี,01,อ.เมืองชลบุรี,03, ต.บ้านโขด,00,หมู่ 0,01,เปิดดำเนินการ,843/63 ซ.ตลาดใหม่ ถ.สุขุมวิท,20000,038-275360,,,,S,บริการ  ,00,,,2010-07-23,,,,,24106, 
002411300,คลินิกแพทย์พนิต,29000,เอกชน ไม่ระบุ,16,คลินิกเอกชน,,,20,จ.ชลบุรี,01,อ.เมืองชลบุรี,06, ต.หนองรี,00,หมู่ 0,01,เปิดดำเนินการ,88/2 หมู่ที่ 7,20000,038-272340,,,,S,บริการ  ,00,,,2010-07-23,,,,,24113, 
002453500,คลินิกเวชกรรมเฉพาะทางแพทย์ธเนศ,29000,เอกชน ไม่ระบุ,16,คลินิกเอกชน,,,20,จ.ชลบุรี,07,อ.ศรีราชา,01, ต.ศรีราชา,00,หมู่ 0,01,เปิดดำเนินการ,52 ถ.สุรศํกดิ์ 1,20110,038320200,,,,,,,,,2010-10-06,,,,,24535, 
002413200,คลินิกเวชกรรมแพทย์พิชัย,29000,เอกชน ไม่ระบุ,16,คลินิกเอกชน,,,20,จ.ชลบุรี,01,อ.เมืองชลบุรี,16, ต.เสม็ด,03,หมู่ 3,01,เปิดดำเนินการ,178/31,20000,0816893777,,,,S,บริการ  ,00,,,2010-07-24,,,,,24132, 
002391400,โรงพยาบาลปิยะเวชช์บ่อวิน,29000,เอกชน ไม่ระบุ,15,โรงพยาบาลเอกชน,,55,20,จ.ชลบุรี,07,อ.ศรีราชา,08, ต.บ่อวิน,08,หมู่ 8,01,เปิดดำเนินการ,28/8 ,20230,038345333,038345333*103,,,S,บริการ  ,,,,2009-01-04,,2009-01-09,,,23914, 
003149700,สหคลินิกบางพระเมดิคอลเซนเตอร์,29000,เอกชน ไม่ระบุ,16,คลินิกเอกชน,,,20,จ.ชลบุรี,07,อ.ศรีราชา,07, ต.บางพระ,02,หมู่ 2,01,เปิดดำเนินการ,238/15,20110,038251299,,,,S,บริการ  ,01,ตั้งใหม่,,2014-08-28,,2014-05-27,,,31497, 
004053800,ศูนย์ไตเทียมเทศบาลเมืองหนองปรือ,23000,องค์การบริหารส่วนท้องถิ่น ไม่ระบุ,13,ศูนย์บริการสาธารณสุข,,,20,จ.ชลบุรี,04,อ.บางละมุง,02, ต.หนองปรือ,10,หมู่ 10,01,เปิดดำเนินการ,199/2,20150,038115109,038115109,,,S,บริการ  ,,,,2014-12-30,,2015-02-01,,,40538, 
004075000,โรงพยาบาลวิภาราม อมตะนคร,29000,เอกชน ไม่ระบุ,15,โรงพยาบาลเอกชน,,100,20,จ.ชลบุรี,01,อ.เมืองชลบุรี,12, ต.คลองตำหรุ,01,หมู่ 1,01,เปิดดำเนินการ,700/888,20000,038-316999,038-457015,,,,S,บริการ  ,,,,2015-03-30,,2015-01-16,,,40750, 
004076100,คลินิกเวชกรรมหมอกวาง,29000,เอกชน ไม่ระบุ,16,คลินิกเอกชน,,,20,จ.ชลบุรี,01,อ.เมืองชลบุรี,07, ต.นาป่า,12,หมู่ 12,01,เปิดดำเนินการ,9/103  ซอย หมอยายรัก,20000,095-506-9902,,,,S,บริการ  ,,,,2015-05-26,,2015-03-05,,,40761, 
004076800,โรงพยาบาลทั่วไป ขนาดกลาง สมิติเวช ชลบุรี,29000,เอกชน ไม่ระบุ,15,โรงพยาบาลเอกชน,,57,20,จ.ชลบุรี,01,อ.เมืองชลบุรี,05, ต.บ้านสวน,03,หมู่ 3,01,เปิดดำเนินการ,888/88 ถ.สุขุมวิท ,20000,033038888,,,,S,บริการ  ,01,ตั้งใหม่,,2015-06-17,,2015-06-01,,,40768, 
004084400,คลินิกเวชกรรมแพทย์เอส.เค,29000,เอกชน,16,คลินิกเอกชน,,,20,จ.ชลบุรี,09,อ.สัตหีบ,05, ต.แสมสาร,02,หมู่ 2,01,เปิดดำเนินการ,18/2,20180,097-9969409,,,,S,บริการ  ,,, ถ.เลียบชายทะเล,2015-08-17,,2014-11-04,,,40844, 
000189900,โรงพยาบาลส่งเสริมสุขภาพตำบลเตาถ่าน,21002,กระทรวงสาธารณสุข สำนักงานปลัดกระทรวงสาธารณสุข,18,โรงพยาบาลส่งเสริมสุขภาพตำบล,,0,20,จ.ชลบุรี,09,อ.สัตหีบ,01, ต.สัตหีบ,08,หมู่ 8,01,เปิดดำเนินการ,,,,,10,1 ปฐมภูมิ,,,,,,,,,,,01899, 
000181900,โรงพยาบาลส่งเสริมสุขภาพตำบลสำนักบก,21002,กระทรวงสาธารณสุข สำนักงานปลัดกระทรวงสาธารณสุข,18,โรงพยาบาลส่งเสริมสุขภาพตำบล,,0,20,จ.ชลบุรี,01,อ.เมืองชลบุรี,18, ต.สำนักบก,02,หมู่ 2,01,เปิดดำเนินการ,,,,,10,1 ปฐมภูมิ,,,,,,,,,,,01819, 
000016400,สำนักงานสาธารณสุขอำเภอสัตหีบ,21002,กระทรวงสาธารณสุข สำนักงานปลัดกระทรวงสาธารณสุข,02,สำนักงานสาธารณสุขอำเภอ,,0,20,จ.ชลบุรี,09,อ.สัตหีบ,01, ต.สัตหีบ,08,หมู่ 8,01,เปิดดำเนินการ,  8   ถ.สุขุมวิท ,,,,,,,,,,,,,,,,00164, 
000182500,โรงพยาบาลส่งเสริมสุขภาพตำบลบ้านหนองบอนแดง,21002,กระทรวงสาธารณสุข สำนักงานปลัดกระทรวงสาธารณสุข,18,โรงพยาบาลส่งเสริมสุขภาพตำบล,,0,20,จ.ชลบุรี,02,อ.บ้านบึง,05, ต.หนองบอนแดง,02,หมู่ 2,01,เปิดดำเนินการ,,,,,10,1 ปฐมภูมิ,,,,,,,,,,,01825, 
000185500,โรงพยาบาลส่งเสริมสุขภาพตำบลบ้านเกาะล้าน,21002,กระทรวงสาธารณสุข สำนักงานปลัดกระทรวงสาธารณสุข,18,โรงพยาบาลส่งเสริมสุขภาพตำบล,,0,20,จ.ชลบุรี,04,อ.บางละมุง,08, ต.นาเกลือ,07,หมู่ 7,01,เปิดดำเนินการ,,,,,10,1 ปฐมภูมิ,,,,,,,,,,,01855, 
000183600,โรงพยาบาลส่งเสริมสุขภาพตำบลหนองเสือช้าง,21002,กระทรวงสาธารณสุข สำนักงานปลัดกระทรวงสาธารณสุข,18,โรงพยาบาลส่งเสริมสุขภาพตำบล,,0,20,จ.ชลบุรี,03,อ.หนองใหญ่,03, ต.หนองเสือช้าง,02,หมู่ 2,01,เปิดดำเนินการ,,,,,10,1 ปฐมภูมิ,,,,,,,,,,,01836, 
000184000,โรงพยาบาลส่งเสริมสุขภาพตำบลเขาซก,21002,กระทรวงสาธารณสุข สำนักงานปลัดกระทรวงสาธารณสุข,18,โรงพยาบาลส่งเสริมสุขภาพตำบล,,0,20,จ.ชลบุรี,03,อ.หนองใหญ่,05, ต.เขาซก,02,หมู่ 2,01,เปิดดำเนินการ,,,,,10,1 ปฐมภูมิ,,,,,,,,,,,01840, 
000186200,โรงพยาบาลส่งเสริมสุขภาพตำบลหน้าประดู่,21002,กระทรวงสาธารณสุข สำนักงานปลัดกระทรวงสาธารณสุข,18,โรงพยาบาลส่งเสริมสุขภาพตำบล,,0,20,จ.ชลบุรี,05,อ.พานทอง,08, ต.หน้าประดู่,04,หมู่ 4,01,เปิดดำเนินการ,,,,,10,1 ปฐมภูมิ,,,,,,,,,,,01862, 
000182100,โรงพยาบาลส่งเสริมสุขภาพตำบลบ้านหมื่นจิตร,21002,กระทรวงสาธารณสุข สำนักงานปลัดกระทรวงสาธารณสุข,18,โรงพยาบาลส่งเสริมสุขภาพตำบล,,0,20,จ.ชลบุรี,02,อ.บ้านบึง,02, ต.คลองกิ่ว,05,หมู่ 5,01,เปิดดำเนินการ,,,,,10,1 ปฐมภูมิ,,,,,,,,,,,01821, 
000182000,โรงพยาบาลส่งเสริมสุขภาพตำบลบ้านหัวกุญแจ,21002,กระทรวงสาธารณสุข สำนักงานปลัดกระทรวงสาธารณสุข,18,โรงพยาบาลส่งเสริมสุขภาพตำบล,,0,20,จ.ชลบุรี,02,อ.บ้านบึง,02, ต.คลองกิ่ว,01,หมู่ 1,01,เปิดดำเนินการ,,,,,10,1 ปฐมภูมิ,,,,,,,,,,,01820, 
000187600,โรงพยาบาลส่งเสริมสุขภาพตำบลท่าข้าม,21002,กระทรวงสาธารณสุข สำนักงานปลัดกระทรวงสาธารณสุข,18,โรงพยาบาลส่งเสริมสุขภาพตำบล,,0,20,จ.ชลบุรี,06,อ.พนัสนิคม,11, ต.ท่าข้าม,01,หมู่ 1,01,เปิดดำเนินการ,,,,,10,1 ปฐมภูมิ,,,,,,,,,,,01876, 
000182300,โรงพยาบาลส่งเสริมสุขภาพตำบลมาบไผ่,21002,กระทรวงสาธารณสุข สำนักงานปลัดกระทรวงสาธารณสุข,18,โรงพยาบาลส่งเสริมสุขภาพตำบล,,0,20,จ.ชลบุรี,02,อ.บ้านบึง,03, ต.มาบไผ่,01,หมู่ 1,01,เปิดดำเนินการ,,,,,10,1 ปฐมภูมิ,,,,,,,,,,,01823, 
000184900,โรงพยาบาลส่งเสริมสุขภาพตำบลโป่ง,21002,กระทรวงสาธารณสุข สำนักงานปลัดกระทรวงสาธารณสุข,18,โรงพยาบาลส่งเสริมสุขภาพตำบล,,0,20,จ.ชลบุรี,04,อ.บางละมุง,04, ต.โป่ง,06,หมู่ 6,01,เปิดดำเนินการ,,,,,10,1 ปฐมภูมิ,,,,,,,,,,,01849, 
000187700,โรงพยาบาลส่งเสริมสุขภาพตำบลหนองปรือ,21002,กระทรวงสาธารณสุข สำนักงานปลัดกระทรวงสาธารณสุข,18,โรงพยาบาลส่งเสริมสุขภาพตำบล,,0,20,จ.ชลบุรี,06,อ.พนัสนิคม,13, ต.หนองปรือ,07,หมู่ 7,01,เปิดดำเนินการ,,,,,10,1 ปฐมภูมิ,,,,,,,,,,,01877, 
001081701,ศูนย์แพทย์ชุมชนตำบลบ้านบึง,21002,กระทรวงสาธารณสุข สำนักงานปลัดกระทรวงสาธารณสุข,08,ศูนย์สุขภาพชุมชน ของ รพ.,,,20,จ.ชลบุรี,02,อ.บ้านบึง,01, ต.บ้านบึง,00,หมู่ 0,01,เปิดดำเนินการ,335 ถ.ชลบุรี-บ้านบึง,20170,038446441,038442299,10,1 ปฐมภูมิ,S,บริการ  ,03,แก้ไขรหัส,แก้ไขรหัสจาก 99829 เป็น 77658  รหัส 9 หลักคงเดิม คือ 001081701แก้ไขชื่อจากศูนย์สุขภาพชุมชนเมือง เป็นศูนย์สุขภาพชุมชนบ้านบึง,2011-07-29,2014-03-20,2003-07-29,2014-03-20,,77658, 
002472800,คลินิกแพทย์สุรกิจ,29000,เอกชน ไม่ระบุ,16,คลินิกเอกชน,,,20,จ.ชลบุรี,06,อ.พนัสนิคม,01, ต.พนัสนิคม,00,หมู่ 0,01,เปิดดำเนินการ,61 ถ.จันทร์อำนวย,20140,038462095,,,,,,,,,2011-07-29,,2003-07-29,,,24728, 
002473000,ศูนย์บริการสาธารณสุขเทศบาลเมืองแสนสุข,23000,องค์การบริหารส่วนท้องถิ่น ไม่ระบุ,13,ศูนย์บริการสาธารณสุข,,,20,จ.ชลบุรี,01,อ.เมืองชลบุรี,04, ต.แสนสุข,00,หมู่ 0,01,เปิดดำเนินการ,1/1 ถ.บางแสนสาย 2,20130,038193580,038193581,10,1 ปฐมภูมิ,S,บริการ  ,,,,2011-08-01,,2008-10-01,,,24730, 
002473700,คลินิกหมอฤทธิเดช เวชกรรมเฉพาะทาง,29000,เอกชน ไม่ระบุ,16,คลินิกเอกชน,,,20,จ.ชลบุรี,01,อ.เมืองชลบุรี,11, ต.บางทราย,01,หมู่ 1,01,เปิดดำเนินการ,91 ,20000,038794869,,,,,,,,,2011-08-23,,,,,24737, 
001429401,ศูนย์บริการสาธารณสุข 2,23000,องค์การบริหารส่วนท้องถิ่น ไม่ระบุ,17,โรงพยาบาล/ศูนย์บริการสาธารณสุข สาขา,,,20,จ.ชลบุรี,04,อ.บางละมุง,01, ต.บางละมุง,08,หมู่ 8,01,เปิดดำเนินการ,11/20,20150,038240440,038240441,,,S,บริการ  ,,,,2011-08-23,,1997-08-01,,,99760, 
001375409,ศูนย์ประกันสุขภาพ สาขานาเกลือ,21002,กระทรวงสาธารณสุข สำนักงานปลัดกระทรวงสาธารณสุข,08,ศูนย์สุขภาพชุมชน ของ รพ.,,,20,จ.ชลบุรี,04,อ.บางละมุง,08, ต.นาเกลือ,05,หมู่ 5,01,เปิดดำเนินการ,67/36-37,20110,038 225511,038 225510,10,1 ปฐมภูมิ,S,บริการ  ,01,ตั้งใหม่,,2013-04-01,,2013-03-07,,,77693, 
002797700,คลินิกการยภาพบำบัด,29000,เอกชน ไม่ระบุ,16,คลินิกเอกชน,,,20,จ.ชลบุรี,07,อ.ศรีราชา,08, ต.บ่อวิน,03,หมู่ 3,01,เปิดดำเนินการ,444/30,20230,038337412,,,,S,บริการ  ,01,ตั้งใหม่,,2013-04-01,,2012-10-01,,,27977, 
002800600,โรงพยาบาลเกาะจันทร์,21002,กระทรวงสาธารณสุข สำนักงานปลัดกระทรวงสาธารณสุข,07,โรงพยาบาลชุมชน,F3   ,30,20,จ.ชลบุรี,11,อ.เกาะจันทร์,01, ต.เกาะจันทร์,14,หมู่ 14,01,เปิดดำเนินการ,เลขที่ 1,20240,,,,,S,บริการ  ,01,ตั้งใหม่,,2013-06-13,,,,,28006, 
001244200,โรงพยาบาลสมเด็จพระสังฆราชญาณสังวรเพื่อผู้สูงอายุ,21003,กระทรวงสาธารณสุข กรมการแพทย์,13,ศูนย์บริการสาธารณสุข,,,20,จ.ชลบุรี,04,อ.บางละมุง,06, ต.ห้วยใหญ่,11,หมู่ 11,01,เปิดดำเนินการ,444  ,20260,,,10,1 ปฐมภูมิ,,,02,แก้ไขชื่อ,เปลี่ยนชื่อ ศูนย์สมเด็จพระสังฆราชญาณสังวรเพื่อผู้สูงอายุ เป็นโรงพยาบาลสมเด็จพระสังฆราชญาณสังวรเพื่อผู้สูงอายุ,,,,,,12442, 
002887700,คลินิกเวชกรรมแพทย์ประทีป,29000,เอกชน ไม่ระบุ,16,คลินิกเอกชน,,,20,จ.ชลบุรี,01,อ.เมืองชลบุรี,04, ต.แสนสุข,00,,01,เปิดดำเนินการ,172 ถ.ลงหาดบางแสน,20130,081-14295362,,,,S,บริการ  ,01,ตั้งใหม่,,2014-03-31,,2014-04-01,,,28877, 
001082201,ศูนย์สุขภาพชุมชนตำบลกุฎโง้ง,21002,กระทรวงสาธารณสุข สำนักงานปลัดกระทรวงสาธารณสุข,08,ศูนย์สุขภาพชุมชน ของ รพ.,,,20,จ.ชลบุรี,06,อ.พนัสนิคม,09, ต.กุฎโง้ง,06,หมู่ 6,01,เปิดดำเนินการ,68 ,20140,038460333,038461333,10,1 ปฐมภูมิ,S,บริการ  ,,,,2009-02-02,,,,,99980, 
001148600,โรงพยาบาลค่ายนวมินทราชินี,02000,กระทรวงกลาโหม ไม่ระบุ,12,โรงพยาบาล นอก สธ.,,60,20,จ.ชลบุรี,01,อ.เมืองชลบุรี,05, ต.บ้านสวน,00,หมู่ 0,01,เปิดดำเนินการ,,,,,,,,,,,,,,,,,11486, 
001148700,โรงพยาบาลอาภากรเกียรติวงศ์,02000,กระทรวงกลาโหม ไม่ระบุ,12,โรงพยาบาล นอก สธ.,,300,20,จ.ชลบุรี,09,อ.สัตหีบ,01, ต.สัตหีบ,00,หมู่ 0,01,เปิดดำเนินการ,,,,,,,,,,,,,,,,,11487, 
001185200,โรงพยาบาลพัทยาอินเตอร์เนชั่นแนลฮอสพิทอล,29000,เอกชน ไม่ระบุ,15,โรงพยาบาลเอกชน,,80,20,จ.ชลบุรี,04,อ.บางละมุง,02, ต.หนองปรือ,09,หมู่ 9,01,เปิดดำเนินการ,255/4 ถ.พัทยาสัจจา,,,,,,,,04,แก้ไข/เปลี่ยนแปลงที่ตั้ง,ลดเตียง จาก 100 เหลือ 80,,,,,,11852, 
001185100,โรงพยาบาลพัทยาเมโมเรียล ,29000,เอกชน ไม่ระบุ,15,โรงพยาบาลเอกชน,,50,20,จ.ชลบุรี,04,อ.บางละมุง,02, ต.หนองปรือ,09,หมู่ 9,01,เปิดดำเนินการ,328/1 ถ.พัทยาสาย 2,,,,,,,,04,แก้ไข/เปลี่ยนแปลงที่ตั้ง,ลดเตียง จาก 100 เหลือ 50,,,,,,11851, 
001181400,เทศบาลตำบลหัวกุญแจ  ,23000,องค์การบริหารส่วนท้องถิ่น ไม่ระบุ,13,ศูนย์บริการสาธารณสุข,,0,20,จ.ชลบุรี,02,อ.บ้านบึง,02, ต.คลองกิ่ว,00,หมู่ 0,01,เปิดดำเนินการ,,,,,10,1 ปฐมภูมิ,,,,,,,,,,,11814, 
001199600,สำนักการสาธารณสุขและสิ่งแวดล้อมเมืองพัทยา,23000,องค์การบริหารส่วนท้องถิ่น ไม่ระบุ,13,ศูนย์บริการสาธารณสุข,,0,20,จ.ชลบุรี,04,อ.บางละมุง,02, ต.หนองปรือ,00,หมู่ 0,01,เปิดดำเนินการ,,,,,10,1 ปฐมภูมิ,,,,,,,,,,,11996, 
001374100,วิทยาลัยการสาธารณสุขสิรินธร ชลบุรี,21002,กระทรวงสาธารณสุข สำนักงานปลัดกระทรวงสาธารณสุข,10,ศูนย์วิชาการ,,0,20,จ.ชลบุรี,01,อ.เมืองชลบุรี,00,,00,หมู่ 0,01,เปิดดำเนินการ,,,,,,,,,09,อื่นๆ,,,,,,,13741, 
001375800,โรงพยาบาลสมเด็จพระนางเจ้าสิริกิติ์,02000,กระทรวงกลาโหม ไม่ระบุ,12,โรงพยาบาล นอก สธ.,,240,20,จ.ชลบุรี,09,อ.สัตหีบ,03, ต.พลูตาหลวง,00,หมู่ 0,01,เปิดดำเนินการ,,,,,,,,,,,แก้ไขประเภท,,,,,,13758, 
001376500,สำนักงานป้องกันควบคุมโรคที่3 จังหวัดชลบุรี,21004,กระทรวงสาธารณสุข กรมควบคุมโรค,13,ศูนย์บริการสาธารณสุข,,0,20,จ.ชลบุรี,01,อ.เมืองชลบุรี,05, ต.บ้านสวน,00,หมู่ 0,01,เปิดดำเนินการ,,,,,10,1 ปฐมภูมิ,,,,,,,,,,,13765, 
001376100,ศูนย์วิทยาศาสตร์การแพทย์ ชลบุรี,21006,กระทรวงสาธารณสุข กรมวิทยาศาสตร์การแพทย์,10,ศูนย์วิชาการ,,0,20,จ.ชลบุรี,01,อ.เมืองชลบุรี,16, ต.เสม็ด,03,หมู่ 3,01,เปิดดำเนินการ,59/2 ,20000,038 784006-7,,,,,,03,แก้ไขรหัส,,,,,,,13761, 
001429700,เทศบาลเมืองพนัสนิคม,23000,องค์การบริหารส่วนท้องถิ่น ไม่ระบุ,13,ศูนย์บริการสาธารณสุข,,0,20,จ.ชลบุรี,06,อ.พนัสนิคม,09, ต.กุฎโง้ง,00,หมู่ 0,01,เปิดดำเนินการ,,,,,10,1 ปฐมภูมิ,,,,,,,,,,,14297, 
001429100,ศูนย์บริการสาธารณสุขเทศบาลเมืองชลบุรี,23000,องค์การบริหารส่วนท้องถิ่น ไม่ระบุ,13,ศูนย์บริการสาธารณสุข,,0,20,จ.ชลบุรี,01,อ.เมืองชลบุรี,02, ต.มะขามหย่ง,00,หมู่ 0,01,เปิดดำเนินการ,,20000,038282033,038284714,10,1 ปฐมภูมิ,S,บริการ  ,,,,2012-07-10,,,,,14291, 
001507300,สำนักงานสนับสนุนบริการสุขภาพ เขต ๖ จังหวัดชลบุรี,21002,กระทรวงสาธารณสุข สำนักงานปลัดกระทรวงสาธารณสุข,13,ศูนย์บริการสาธารณสุข,,,20,จ.ชลบุรี,01,อ.เมืองชลบุรี,16, ต.เสม็ด,00,หมู่ 0,01,เปิดดำเนินการ,,,,,10,1 ปฐมภูมิ,,,02,แก้ไขชื่อ,แก้ไข ชื่อศูนย์ฝึกอบรมและพัฒนาสุขภาพภาคประชาชนภาคกลาง เป็น สำนักงานสนับสนุนบริการสุขภาพ เขต ๖จังหวัดชลบุรี,,2014-03-05,,2014-03-05,,15073, 
002161000,สถานพยาบาลเมดิคอลเวชการ,29000,เอกชน ไม่ระบุ,15,โรงพยาบาลเอกชน,,7,20,จ.ชลบุรี,07,อ.ศรีราชา,08, ต.บ่อวิน,03,หมู่ 3,01,เปิดดำเนินการ,7/11 ถ.นิคมอุตสาหกรรม ,,038,,,,,,02,แก้ไขชื่อ,แก้ไขชื่อ สถานพยาบาลอมตะเมดิคอลเซ็นเตอร์เวชการ เป็น สถานพยาบาลเมดิคอลเวชการ,,,,,,21610, 
001245400,แผนกแพทย์ฯรร.ทหารเกล็ดแก้ว,02000,กระทรวงกลาโหม ไม่ระบุ,12,โรงพยาบาล นอก สธ.,,50,20,จ.ชลบุรี,09,อ.สัตหีบ,04, ต.บางเสร่,00,หมู่ 0,01,เปิดดำเนินการ,,,,,,,,,,,เปลี่ยนสถานะจากรหัส17 เป็น16 ตามจำนวนเตียง,,,,,,12454, 
001245300,แผนกแพทย์ศูนย์ฝึกทหาร,02000,กระทรวงกลาโหม ไม่ระบุ,12,โรงพยาบาล นอก สธ.,,50,20,จ.ชลบุรี,00,อ.ชลบุรี,00,,00,หมู่ 0,01,เปิดดำเนินการ,,,,,,,,,,,เปลี่ยนสถานะจากรหัส17 เป็น16 ตามจำนวนเตียง,,,,,,12453, 
001376600,ศูนย์วิทยาศาสตร์สุขภาพ มหาวิทยาลัยบูรพา,20000,กระทรวงศึกษาธิการ ไม่ระบุ,12,โรงพยาบาล นอก สธ.,,100,20,จ.ชลบุรี,01,อ.เมืองชลบุรี,00,,00,หมู่ 0,01,เปิดดำเนินการ,169/382 ถ.ลงหาดบางแสน ,,,,,,,,04,แก้ไข/เปลี่ยนแปลงที่ตั้ง,เปลี่ยนสถานะจากรหัส17 เป็น16 ตามจำนวนเตียง เพิ่มจำนวนเตียง,,,,,,13766, 
001245600,กองพันพยาบาล สนับสนุน,02000,กระทรวงกลาโหม ไม่ระบุ,12,โรงพยาบาล นอก สธ.,,12,20,จ.ชลบุรี,09,อ.สัตหีบ,04, ต.บางเสร่,00,หมู่ 0,01,เปิดดำเนินการ,,,,,,,,,03,แก้ไขรหัส,เปลี่ยนประเภทเป็น16 ,,,,,,12456, 
001376000,โรงพยาบาลมะเร็งชลบุรี  ,21003,กระทรวงสาธารณสุข กรมการแพทย์,11,โรงพยาบาล นอก สป.สธ.,,167,20,จ.ชลบุรี,01,อ.เมืองชลบุรี,16, ต.เสม็ด,02,หมู่ 2,01,เปิดดำเนินการ,อำเภอเมือง   ตำบลเสม็ด    หมู่ที่  02,,,,,,,,02,แก้ไขชื่อ,เปลี่ยนชื่อ ศูนย์โรคมะเร็งชลบุรี เป็น โรงพยาบาลมะเร็งชลบุรี  ตามมติ อ.ก.พ. กระทรวงสาธารณสุข,,,,,,13760, 
001505900,เทศบาลตำบลบ้านสวน,23000,องค์การบริหารส่วนท้องถิ่น ไม่ระบุ,13,ศูนย์บริการสาธารณสุข,,,20,จ.ชลบุรี,01,อ.เมืองชลบุรี,05, ต.บ้านสวน,00,หมู่ 0,01,เปิดดำเนินการ,,,,,10,1 ปฐมภูมิ,,,,,,,,,,,15059, 
001507500,สำนักเทศบาลตำบลอ่างศิลา,23000,องค์การบริหารส่วนท้องถิ่น ไม่ระบุ,13,ศูนย์บริการสาธารณสุข,,,20,จ.ชลบุรี,01,อ.เมืองชลบุรี,17, ต.อ่างศิลา,00,หมู่ 0,01,เปิดดำเนินการ,,,,,10,1 ปฐมภูมิ,,,,,,,,,,,15075, 
001184500,สถานพยาบาลชลเวช,29000,เอกชน ไม่ระบุ,15,โรงพยาบาลเอกชน,,28,20,จ.ชลบุรี,01,อ.เมืองชลบุรี,01, ต.บางปลาสร้อย,00,หมู่ 0,01,เปิดดำเนินการ,104/15 ถ.อัคนิวาต,,038284354,,,,,,,,,,,,,,11845, 
001184700,โรงพยาบาลเอกชล,29000,เอกชน ไม่ระบุ,15,โรงพยาบาลเอกชน,,262,20,จ.ชลบุรี,01,อ.เมืองชลบุรี,05, ต.บ้านสวน,02,หมู่ 2,01,เปิดดำเนินการ,68/3 ,20000,,,,,,,,,เพิ่มเติมข้อมูลพิกัด,,,,,,11847, 
001185400,โรงพยาบาลวิภารามแหลมฉบัง,29000,เอกชน ไม่ระบุ,15,โรงพยาบาลเอกชน,,100,20,จ.ชลบุรี,07,อ.ศรีราชา,03, ต.ทุ่งสุขลา,10,หมู่ 10,01,เปิดดำเนินการ,107 ถ.สุขุมวิท,,,,,,,,02,แก้ไขชื่อ,แก้ไขชื่อ โรงพยาบาลแหลมฉบังอินเตอร์เนชั่นแนล เป็น รพ.วิภารามแหลมฉบัง,,,,,,11854, 
001185500,โรงพยาบาลพญาไทศรีราชา,29000,เอกชน ไม่ระบุ,15,โรงพยาบาลเอกชน,,150,20,จ.ชลบุรี,07,อ.ศรีราชา,01, ต.ศรีราชา,00,หมู่ 0,01,เปิดดำเนินการ,90 ถ.ศรีราชานคร3,,,,,,,,09,อื่นๆ,,,,,,,11855, 
002320700,โรงพยาบาลเอกชล 2,29000,เอกชน ไม่ระบุ,15,โรงพยาบาลเอกชน,,100,20,จ.ชลบุรี,01,อ.เมืองชลบุรี,16, ต.เสม็ด,03,หมู่ 3,01,เปิดดำเนินการ,31/2,20150,038765567,,,,,,,,,,,,,,23207, 
001081900,โรงพยาบาลบางละมุง,21002,กระทรวงสาธารณสุข สำนักงานปลัดกระทรวงสาธารณสุข,06,โรงพยาบาลทั่วไป,S    ,250,20,จ.ชลบุรี,04,อ.บางละมุง,08, ต.นาเกลือ,05,หมู่ 5,01,เปิดดำเนินการ,   เลขที่ 6,,,,,,,,05,แก้ไข/เปลี่ยนแปลงประเภท,ปรับเปลี่ยนสถานะ จาก รพช. เป็น รพท. ตามมติสธ.,,,,,,10819, 
002385600,ศูนย์อนามัยที่ 3 ชลบุรี,21009,กระทรวงสาธารณสุข กรมอนามัย,13,ศูนย์บริการสาธารณสุข,,,20,จ.ชลบุรี,01,อ.เมืองชลบุรี,07, ต.นาป่า,07,หมู่ 7,01,เปิดดำเนินการ,43 ,20000,0381481658,,10,1 ปฐมภูมิ,SK,บริการ วิชาการ  ,,,,,,,,,23856, 
002431600,คลินิกแพทย์ขจิตร์เวชกรรม,29000,เอกชน ไม่ระบุ,16,คลินิกเอกชน,,,20,จ.ชลบุรี,09,อ.สัตหีบ,01, ต.สัตหีบ,02,หมู่ 2,01,เปิดดำเนินการ,420/2 ,20180,038437778,,,,,,00,,,2010-09-07,,,,,24316, 
002446400,คลินิกเวชกรรมหมอหลาย,29000,เอกชน ไม่ระบุ,16,คลินิกเอกชน,,,20,จ.ชลบุรี,01,อ.เมืองชลบุรี,09, ต.ดอนหัวฬ่อ,06,หมู่ 6,01,เปิดดำเนินการ,18/25,20000,,,,,,,00,,,2010-09-26,,,,,24464, 
001082100,โรงพยาบาลพานทอง,21002,กระทรวงสาธารณสุข สำนักงานปลัดกระทรวงสาธารณสุข,07,โรงพยาบาลชุมชน,F1   ,81,20,จ.ชลบุรี,05,อ.พานทอง,01, ต.พานทอง,08,หมู่ 8,01,เปิดดำเนินการ,  เลขที่ 1/10,,,,21,2.1 ทุติยภูมิระดับต้น,,,,,,,,,,,10821, 
001082000,โรงพยาบาลวัดญาณสังวราราม,21002,กระทรวงสาธารณสุข สำนักงานปลัดกระทรวงสาธารณสุข,07,โรงพยาบาลชุมชน,F2   ,23,20,จ.ชลบุรี,04,อ.บางละมุง,06, ต.ห้วยใหญ่,11,หมู่ 11,01,เปิดดำเนินการ,,,,,21,2.1 ทุติยภูมิระดับต้น,,,,,,,,,,,10820, 
001082400,โรงพยาบาลเกาะสีชัง,21002,กระทรวงสาธารณสุข สำนักงานปลัดกระทรวงสาธารณสุข,07,โรงพยาบาลชุมชน,F2   ,30,20,จ.ชลบุรี,08,อ.เกาะสีชัง,01, ต.ท่าเทววงษ์,01,หมู่ 1,01,เปิดดำเนินการ,,,,,21,2.1 ทุติยภูมิระดับต้น,,,,,,,,,,,10824, 
000180400,โรงพยาบาลส่งเสริมสุขภาพตำบลแสนสุข,21002,กระทรวงสาธารณสุข สำนักงานปลัดกระทรวงสาธารณสุข,18,โรงพยาบาลส่งเสริมสุขภาพตำบล,,0,20,จ.ชลบุรี,01,อ.เมืองชลบุรี,04, ต.แสนสุข,03,หมู่ 3,01,เปิดดำเนินการ,,,,,10,1 ปฐมภูมิ,,,,,,,,,,,01804, 
000191800,โรงพยาบาลส่งเสริมสุขภาพตำบลท่าบุญมี,21002,กระทรวงสาธารณสุข สำนักงานปลัดกระทรวงสาธารณสุข,18,โรงพยาบาลส่งเสริมสุขภาพตำบล,,0,20,จ.ชลบุรี,11,อ.เกาะจันทร์,02, ต.ท่าบุญมี,05,หมู่ 5,01,เปิดดำเนินการ,,,,,10,1 ปฐมภูมิ,,,,,,,,,,,01918, 
000183300,โรงพยาบาลส่งเสริมสุขภาพตำบลคลองพลู,21002,กระทรวงสาธารณสุข สำนักงานปลัดกระทรวงสาธารณสุข,18,โรงพยาบาลส่งเสริมสุขภาพตำบล,,0,20,จ.ชลบุรี,03,อ.หนองใหญ่,02, ต.คลองพลู,01,หมู่ 1,01,เปิดดำเนินการ,,,,,10,1 ปฐมภูมิ,,,,,,,,,,,01833, 
001219100,เทศบาลตำบลบ่อทอง,23000,องค์การบริหารส่วนท้องถิ่น ไม่ระบุ,13,ศูนย์บริการสาธารณสุข,,0,20,จ.ชลบุรี,10,อ.บ่อทอง,05, ต.เกษตรสุวรรณ,00,หมู่ 0,01,เปิดดำเนินการ,,,,,10,1 ปฐมภูมิ,,,,,,,,,,,12191, 
002267000,โรงพยาบาลเมืองชลบุรี,21002,กระทรวงสาธารณสุข สำนักงานปลัดกระทรวงสาธารณสุข,13,ศูนย์บริการสาธารณสุข,,0,20,จ.ชลบุรี,01,อ.เมืองชลบุรี,05, ต.บ้านสวน,04,หมู่ 4,01,เปิดดำเนินการ,29 ,,,,10,1 ปฐมภูมิ,,,,,,,,,,,22670, 
001066200,โรงพยาบาลชลบุรี,21002,กระทรวงสาธารณสุข สำนักงานปลัดกระทรวงสาธารณสุข,05,โรงพยาบาลศูนย์,A    ,850,20,จ.ชลบุรี,01,อ.เมืองชลบุรี,05, ต.บ้านสวน,02,หมู่ 2,01,เปิดดำเนินการ,เลขที่ 69,20000,038931000,,,,,,06,แก้ไข/เปลี่ยนแปลงจำนวนเตียง,ปรับจำนวนเตียงจาก 825 เป็น 850 ตามหนังสือโรงพยาบาลชลบุรีที่ชบ 0032.1/22455 ลงวันที่ 28 ตค.57,,,,,,10662, 
001505500,เทศบาลตำบลบางละมุง,23000,องค์การบริหารส่วนท้องถิ่น ไม่ระบุ,13,ศูนย์บริการสาธารณสุข,,,20,จ.ชลบุรี,04,อ.บางละมุง,05, ต.เขาไม้แก้ว,02,หมู่ 2,01,เปิดดำเนินการ,,,,,10,1 ปฐมภูมิ,,,,,,,,,,,15055, 
002427100,คลินิกเวชกรรมเฉพาะทางอายุกรรม-ผิวหนัง,29000,เอกชน ไม่ระบุ,16,คลินิกเอกชน,,,20,จ.ชลบุรี,07,อ.ศรีราชา,05, ต.หนองขาม,11,หมู่ 11,01,เปิดดำเนินการ,553/30 ถ.สุขาภิบาล 8,20280,038762346,,,,,,00,,,2010-08-30,,,,,24271, 
001512800,ศูนย์สุขภาพชุมชนตำบลสัตหีบ,21002,กระทรวงสาธารณสุข สำนักงานปลัดกระทรวงสาธารณสุข,13,ศูนย์บริการสาธารณสุข,,,20,จ.ชลบุรี,09,อ.สัตหีบ,01, ต.สัตหีบ,05,หมู่ 5,01,เปิดดำเนินการ,,,,,10,1 ปฐมภูมิ,,,,,,,,,,,15128, 
001375400,โรงพยาบาลสมเด็จพระบรมราชเทวี ณ ศรีราชา,30002,หน่วยงานอิสระ ไม่ระบุ,12,โรงพยาบาล นอก สธ.,,500,20,จ.ชลบุรี,07,อ.ศรีราชา,01, ต.ศรีราชา,00,หมู่ 0,01,เปิดดำเนินการ,290 ถ.เจิมจอมพล ,21001,,,,,,,,,,,,,,,13754, 
001429200,เทศบาลตำบลแสนสุข,23000,องค์การบริหารส่วนท้องถิ่น ไม่ระบุ,13,ศูนย์บริการสาธารณสุข,,0,20,จ.ชลบุรี,01,อ.เมืองชลบุรี,04, ต.แสนสุข,00,หมู่ 0,01,เปิดดำเนินการ,,,,,10,1 ปฐมภูมิ,,,,,,,,,,,14292, 
001452900,เทศบาลตำบลหนองตำลึง,23000,องค์การบริหารส่วนท้องถิ่น ไม่ระบุ,13,ศูนย์บริการสาธารณสุข,,0,20,จ.ชลบุรี,05,อ.พานทอง,02, ต.หนองตำลึง,00,หมู่ 0,01,เปิดดำเนินการ,,,,,10,1 ปฐมภูมิ,,,,,,,,,,,14529, 
002396500,ศูนย์บริการสาธารณสุขเมืองพัทยา,23000,องค์การบริหารส่วนท้องถิ่น ไม่ระบุ,13,ศูนย์บริการสาธารณสุข,,,20,จ.ชลบุรี,04,อ.บางละมุง,02, ต.หนองปรือ,00,หมู่ 0,01,เปิดดำเนินการ,261/8,20260,038420823,038420526,10,1 ปฐมภูมิ,S,บริการ  ,11,ยกฐานะหน่วยงาน,,2009-09-16,,2005-04-07,,,23965, 
001512900,ศูนย์สุขภาพชุมชนนาเกลือ,21002,กระทรวงสาธารณสุข สำนักงานปลัดกระทรวงสาธารณสุข,13,ศูนย์บริการสาธารณสุข,,,20,จ.ชลบุรี,04,อ.บางละมุง,08, ต.นาเกลือ,05,หมู่ 5,01,เปิดดำเนินการ,,,,,10,1 ปฐมภูมิ,,,,,,,,,,,15129, 
001375401,ศูนย์ประกันสุขภาพ สาขาศรีราชา,30002,หน่วยงานอิสระ ไม่ระบุ,08,ศูนย์สุขภาพชุมชน ของ รพ.,,,20,จ.ชลบุรี,07,อ.ศรีราชา,01, ต.ศรีราชา,00,หมู่ 0,01,เปิดดำเนินการ,45,47 ถ.เจิมจอมพล,20110,038 328126-7,038 328126-7,10,1 ปฐมภูมิ,S,บริการ  ,00,,,2009-12-01,,2004-03-02,,,99882, 
001185000,โรงพยาบาลกรุงเทพพัทยา,29000,เอกชน ไม่ระบุ,15,โรงพยาบาลเอกชน,,250,20,จ.ชลบุรี,04,อ.บางละมุง,08, ต.นาเกลือ,06,หมู่ 6,01,เปิดดำเนินการ,301  ถ.สุขุมวิท,20150,,,,,,,04,แก้ไข/เปลี่ยนแปลงที่ตั้ง,ลดเตียง จาก 391 เหลือ 250,,,,,,11850, 
001371300,วิทยาลัยพยาบาลราชชนีชลบุรี,21002,กระทรวงสาธารณสุข สำนักงานปลัดกระทรวงสาธารณสุข,10,ศูนย์วิชาการ,,,20,จ.ชลบุรี,01,อ.เมืองชลบุรี,01, ต.บางปลาสร้อย,00,,01,เปิดดำเนินการ,,,,,,,,,,,,,,,,,13713, 
000001000,สำนักงานสาธารณสุขจังหวัดชลบุรี,21002,กระทรวงสาธารณสุข สำนักงานปลัดกระทรวงสาธารณสุข,01,สำนักงานสาธารณสุขจังหวัด,,0,20,จ.ชลบุรี,01,อ.เมืองชลบุรี,05, ต.บ้านสวน,04,หมู่ 4,01,เปิดดำเนินการ,,,,,,,,,,,,,,,,,00010, 
000016000,สำนักงานสาธารณสุขอำเภอพานทอง,21002,กระทรวงสาธารณสุข สำนักงานปลัดกระทรวงสาธารณสุข,02,สำนักงานสาธารณสุขอำเภอ,,0,20,จ.ชลบุรี,05,อ.พานทอง,01, ต.พานทอง,00,หมู่ 0,01,เปิดดำเนินการ,ที่ว่าการอำเภอพานทอง จ.ชลบุรี,,,,,,,,,,,,,,,,00160, 
000015700,สำนักงานสาธารณสุขอำเภอบ้านบึง,21002,กระทรวงสาธารณสุข สำนักงานปลัดกระทรวงสาธารณสุข,02,สำนักงานสาธารณสุขอำเภอ,,0,20,จ.ชลบุรี,02,อ.บ้านบึง,01, ต.บ้านบึง,00,หมู่ 0,01,เปิดดำเนินการ,10  ซอยชลบุรี  ,,,,,,,,,,,,,,,,00157, 
000015600,สำนักงานสาธารณสุขอำเภอเมืองชลบุรี,21002,กระทรวงสาธารณสุข สำนักงานปลัดกระทรวงสาธารณสุข,02,สำนักงานสาธารณสุขอำเภอ,,0,20,จ.ชลบุรี,01,อ.เมืองชลบุรี,01, ต.บางปลาสร้อย,05,หมู่ 5,01,เปิดดำเนินการ,55 ,,,,,,,,,,,,,,,,00156, 
000016200,สำนักงานสาธารณสุขอำเภอศรีราชา,21002,กระทรวงสาธารณสุข สำนักงานปลัดกระทรวงสาธารณสุข,02,สำนักงานสาธารณสุขอำเภอ,,0,20,จ.ชลบุรี,07,อ.ศรีราชา,01, ต.ศรีราชา,00,หมู่ 0,01,เปิดดำเนินการ,ที่ว่าการอำเภอศรีราชา  ,,,,,,,,,,,,,,,,00162, 
000016300,สำนักงานสาธารณสุขอำเภอเกาะสีชัง,21002,กระทรวงสาธารณสุข สำนักงานปลัดกระทรวงสาธารณสุข,02,สำนักงานสาธารณสุขอำเภอ,,0,20,จ.ชลบุรี,08,อ.เกาะสีชัง,01, ต.ท่าเทววงษ์,00,หมู่ 0,01,เปิดดำเนินการ,ที่ว่าการอำเภอเกาะสีชัง  ,,,,,,,,,,,,,,,,00163, 
000016500,สำนักงานสาธารณสุขอำเภอบ่อทอง,21002,กระทรวงสาธารณสุข สำนักงานปลัดกระทรวงสาธารณสุข,02,สำนักงานสาธารณสุขอำเภอ,,0,20,จ.ชลบุรี,10,อ.บ่อทอง,01, ต.บ่อทอง,01,หมู่ 1,01,เปิดดำเนินการ,  292  ,,,,,,,,,,,,,,,,00165, 
000016600,สำนักงานสาธารณสุขอำเภอเกาะจันทร์,21002,กระทรวงสาธารณสุข สำนักงานปลัดกระทรวงสาธารณสุข,02,สำนักงานสาธารณสุขอำเภอ,,0,20,จ.ชลบุรี,11,อ.เกาะจันทร์,01, ต.เกาะจันทร์,00,หมู่ 0,01,เปิดดำเนินการ,ที่ว่าการ อำเภอเกาะจันทร์,,,,,,,,,,,,,,,,00166, 
000016100,สำนักงานสาธารณสุขอำเภอพนัสนิคม,21002,กระทรวงสาธารณสุข สำนักงานปลัดกระทรวงสาธารณสุข,02,สำนักงานสาธารณสุขอำเภอ,,0,20,จ.ชลบุรี,06,อ.พนัสนิคม,01, ต.พนัสนิคม,00,หมู่ 0,01,เปิดดำเนินการ,ที่ว่าการอำเภอพนัสนิคม ถ.สุขประยูร  ,,,,,,,,,,,,,,,,00161, 
000015900,สำนักงานสาธารณสุขอำเภอบางละมุง,21002,กระทรวงสาธารณสุข สำนักงานปลัดกระทรวงสาธารณสุข,02,สำนักงานสาธารณสุขอำเภอ,,0,20,จ.ชลบุรี,04,อ.บางละมุง,08, ต.นาเกลือ,05,หมู่ 5,01,เปิดดำเนินการ,   ที่ว่าการอำเภอบางระมุง จ.ชลบุรี,,,,,,,,,,,,,,,,00159, 
000015800,สำนักงานสาธารณสุขอำเภอหนองใหญ่,21002,กระทรวงสาธารณสุข สำนักงานปลัดกระทรวงสาธารณสุข,02,สำนักงานสาธารณสุขอำเภอ,,0,20,จ.ชลบุรี,03,อ.หนองใหญ่,01, ต.หนองใหญ่,01,หมู่ 1,01,เปิดดำเนินการ, ที่ว่าการอำเภอหนองใหญ่  ,,,,,,,,,,,,,,,,00158, 
001184600,คลินิกกาญจนเวช,29000,เอกชน ไม่ระบุ,16,คลินิกเอกชน,,0,20,จ.ชลบุรี,01,อ.เมืองชลบุรี,02, ต.มะขามหย่ง,00,หมู่ 0,01,เปิดดำเนินการ,,,,,,,S,บริการ  ,,,,,,,,,11846, 
001081700,โรงพยาบาลบ้านบึง,21002,กระทรวงสาธารณสุข สำนักงานปลัดกระทรวงสาธารณสุข,07,โรงพยาบาลชุมชน,M2   ,90,20,จ.ชลบุรี,02,อ.บ้านบึง,01, ต.บ้านบึง,01,หมู่ 1,01,เปิดดำเนินการ,   เลขที่ 3 ซ.บ้านบึง-ชลบุรี 19    ถ.บ้านบึง-ชลบุรี,20170,038-442200,038-442299,22,2.2 ทุติยภูมิระดับกลาง,,,01,ตั้งใหม่,,,,,,,10817, 
001082200,โรงพยาบาลพนัสนิคม,21002,กระทรวงสาธารณสุข สำนักงานปลัดกระทรวงสาธารณสุข,07,โรงพยาบาลชุมชน,M2   ,137,20,จ.ชลบุรี,06,อ.พนัสนิคม,09, ต.กุฎโง้ง,01,หมู่ 1,01,เปิดดำเนินการ, ถนนสุขประยูร  ,,,,22,2.2 ทุติยภูมิระดับกลาง,,,,,,,,,,,10822, 
001081800,โรงพยาบาลหนองใหญ่,21002,กระทรวงสาธารณสุข สำนักงานปลัดกระทรวงสาธารณสุข,07,โรงพยาบาลชุมชน,F2   ,30,20,จ.ชลบุรี,03,อ.หนองใหญ่,01, ต.หนองใหญ่,01,หมู่ 1,01,เปิดดำเนินการ,,,,,21,2.1 ทุติยภูมิระดับต้น,,,,,,,,,,,10818, 
001082600,โรงพยาบาลบ่อทอง,21002,กระทรวงสาธารณสุข สำนักงานปลัดกระทรวงสาธารณสุข,07,โรงพยาบาลชุมชน,F2   ,60,20,จ.ชลบุรี,10,อ.บ่อทอง,01, ต.บ่อทอง,01,หมู่ 1,01,เปิดดำเนินการ,  เลขที่  300,,,,21,2.1 ทุติยภูมิระดับต้น,,,,,,,,,,,10826, 
000180700,โรงพยาบาลส่งเสริมสุขภาพตำบลบ้านท้องคุ้ง,21002,กระทรวงสาธารณสุข สำนักงานปลัดกระทรวงสาธารณสุข,18,โรงพยาบาลส่งเสริมสุขภาพตำบล,,0,20,จ.ชลบุรี,01,อ.เมืองชลบุรี,07, ต.นาป่า,02,หมู่ 2,01,เปิดดำเนินการ,,,,,10,1 ปฐมภูมิ,,,,,,,,,,,01807, 
000182900,โรงพยาบาลส่งเสริมสุขภาพตำบลบ้านหนองชัน,21002,กระทรวงสาธารณสุข สำนักงานปลัดกระทรวงสาธารณสุข,18,โรงพยาบาลส่งเสริมสุขภาพตำบล,,0,20,จ.ชลบุรี,02,อ.บ้านบึง,07, ต.หนองอิรุณ,12,หมู่ 12,01,เปิดดำเนินการ,,,,,10,1 ปฐมภูมิ,,,,,,,,,,,01829, 
000183100,โรงพยาบาลส่งเสริมสุขภาพตำบลบ้านป่ายุบ,21002,กระทรวงสาธารณสุข สำนักงานปลัดกระทรวงสาธารณสุข,18,โรงพยาบาลส่งเสริมสุขภาพตำบล,,0,20,จ.ชลบุรี,02,อ.บ้านบึง,08, ต.หนองไผ่แก้ว,03,หมู่ 3,01,เปิดดำเนินการ,,,,,10,1 ปฐมภูมิ,,,,,,,,,,,01831, 
000180600,โรงพยาบาลส่งเสริมสุขภาพตำบลหนองรี,21002,กระทรวงสาธารณสุข สำนักงานปลัดกระทรวงสาธารณสุข,18,โรงพยาบาลส่งเสริมสุขภาพตำบล,,0,20,จ.ชลบุรี,01,อ.เมืองชลบุรี,06, ต.หนองรี,07,หมู่ 7,01,เปิดดำเนินการ,,,,,10,1 ปฐมภูมิ,,,,,,,,,,,01806, 
000180800,โรงพยาบาลส่งเสริมสุขภาพตำบลนาป่า,21002,กระทรวงสาธารณสุข สำนักงานปลัดกระทรวงสาธารณสุข,18,โรงพยาบาลส่งเสริมสุขภาพตำบล,,0,20,จ.ชลบุรี,01,อ.เมืองชลบุรี,07, ต.นาป่า,04,หมู่ 4,01,เปิดดำเนินการ,,,,,10,1 ปฐมภูมิ,,,,,,,,,,,01808, 
000180900,โรงพยาบาลส่งเสริมสุขภาพตำบลหนองข้างคอก,21002,กระทรวงสาธารณสุข สำนักงานปลัดกระทรวงสาธารณสุข,18,โรงพยาบาลส่งเสริมสุขภาพตำบล,,0,20,จ.ชลบุรี,01,อ.เมืองชลบุรี,08, ต.หนองข้างคอก,04,หมู่ 4,01,เปิดดำเนินการ, ,,,,10,1 ปฐมภูมิ,,,,,,,,,,,01809, 
000181000,โรงพยาบาลส่งเสริมสุขภาพตำบลดอนหัวฬ่อ,21002,กระทรวงสาธารณสุข สำนักงานปลัดกระทรวงสาธารณสุข,18,โรงพยาบาลส่งเสริมสุขภาพตำบล,,0,20,จ.ชลบุรี,01,อ.เมืองชลบุรี,09, ต.ดอนหัวฬ่อ,06,หมู่ 6,01,เปิดดำเนินการ,,,,,10,1 ปฐมภูมิ,,,,,,,,,,,01810, 
000181300,โรงพยาบาลส่งเสริมสุขภาพตำบลคลองตำหรุ,21002,กระทรวงสาธารณสุข สำนักงานปลัดกระทรวงสาธารณสุข,18,โรงพยาบาลส่งเสริมสุขภาพตำบล,,0,20,จ.ชลบุรี,01,อ.เมืองชลบุรี,12, ต.คลองตำหรุ,05,หมู่ 5,01,เปิดดำเนินการ,,,,,10,1 ปฐมภูมิ,,,,,,,,,,,01813, 
000181400,โรงพยาบาลส่งเสริมสุขภาพตำบลเหมือง,21002,กระทรวงสาธารณสุข สำนักงานปลัดกระทรวงสาธารณสุข,18,โรงพยาบาลส่งเสริมสุขภาพตำบล,,0,20,จ.ชลบุรี,01,อ.เมืองชลบุรี,13, ต.เหมือง,02,หมู่ 2,01,เปิดดำเนินการ, ,,,,10,1 ปฐมภูมิ,,,,,,,,,,,01814, 
000181500,โรงพยาบาลส่งเสริมสุขภาพตำบลบ้านปึก,21002,กระทรวงสาธารณสุข สำนักงานปลัดกระทรวงสาธารณสุข,18,โรงพยาบาลส่งเสริมสุขภาพตำบล,,0,20,จ.ชลบุรี,01,อ.เมืองชลบุรี,14, ต.บ้านปึก,06,หมู่ 6,01,เปิดดำเนินการ,  ,,,,10,1 ปฐมภูมิ,,,,,,,,,,,01815, 
000181600,โรงพยาบาลส่งเสริมสุขภาพตำบลห้วยกะปิ,21002,กระทรวงสาธารณสุข สำนักงานปลัดกระทรวงสาธารณสุข,18,โรงพยาบาลส่งเสริมสุขภาพตำบล,,0,20,จ.ชลบุรี,01,อ.เมืองชลบุรี,15, ต.ห้วยกะปิ,06,หมู่ 6,01,เปิดดำเนินการ,,,,,10,1 ปฐมภูมิ,,,,,,,,,,,01816, 
000181700,โรงพยาบาลส่งเสริมสุขภาพตำบลเสม็ด,21002,กระทรวงสาธารณสุข สำนักงานปลัดกระทรวงสาธารณสุข,18,โรงพยาบาลส่งเสริมสุขภาพตำบล,,0,20,จ.ชลบุรี,01,อ.เมืองชลบุรี,16, ต.เสม็ด,08,หมู่ 8,01,เปิดดำเนินการ,,,,,10,1 ปฐมภูมิ,,,,,,,,,,,01817, 
000181800,โรงพยาบาลส่งเสริมสุขภาพตำบลอ่างศิลา,21002,กระทรวงสาธารณสุข สำนักงานปลัดกระทรวงสาธารณสุข,18,โรงพยาบาลส่งเสริมสุขภาพตำบล,,0,20,จ.ชลบุรี,01,อ.เมืองชลบุรี,17, ต.อ่างศิลา,04,หมู่ 4,01,เปิดดำเนินการ,,,,,10,1 ปฐมภูมิ,,,,,,,,,,,01818, 
000182400,โรงพยาบาลส่งเสริมสุขภาพตำบลหนองซ้ำซาก,21002,กระทรวงสาธารณสุข สำนักงานปลัดกระทรวงสาธารณสุข,18,โรงพยาบาลส่งเสริมสุขภาพตำบล,,0,20,จ.ชลบุรี,02,อ.บ้านบึง,04, ต.หนองซ้ำซาก,01,หมู่ 1,01,เปิดดำเนินการ,,,,,10,1 ปฐมภูมิ,,,,,,,,,,,01824, 
000182200,สถานีอนามัยเฉลิมพระเกียรติฯ บ้านมาบลำบิด,21002,กระทรวงสาธารณสุข สำนักงานปลัดกระทรวงสาธารณสุข,18,โรงพยาบาลส่งเสริมสุขภาพตำบล,,0,20,จ.ชลบุรี,02,อ.บ้านบึง,02, ต.คลองกิ่ว,07,หมู่ 7,01,เปิดดำเนินการ,,,,,10,1 ปฐมภูมิ,,,,,,,,,,,01822, 
000182800,โรงพยาบาลส่งเสริมสุขภาพตำบลบ้านเนินโมก,21002,กระทรวงสาธารณสุข สำนักงานปลัดกระทรวงสาธารณสุข,18,โรงพยาบาลส่งเสริมสุขภาพตำบล,,0,20,จ.ชลบุรี,02,อ.บ้านบึง,07, ต.หนองอิรุณ,08,หมู่ 8,01,เปิดดำเนินการ,,,,,10,1 ปฐมภูมิ,,,,,,,,,,,01828, 
000183400,โรงพยาบาลส่งเสริมสุขภาพตำบลบ้านคลองตะเคียน,21002,กระทรวงสาธารณสุข สำนักงานปลัดกระทรวงสาธารณสุข,18,โรงพยาบาลส่งเสริมสุขภาพตำบล,,0,20,จ.ชลบุรี,03,อ.หนองใหญ่,02, ต.คลองพลู,03,หมู่ 3,01,เปิดดำเนินการ,,,,,10,1 ปฐมภูมิ,,,,,,,,,,,01834, 
000183500,โรงพยาบาลส่งเสริมสุขภาพตำบลบ้านห้วยมะระ,21002,กระทรวงสาธารณสุข สำนักงานปลัดกระทรวงสาธารณสุข,18,โรงพยาบาลส่งเสริมสุขภาพตำบล,,0,20,จ.ชลบุรี,03,อ.หนองใหญ่,03, ต.หนองเสือช้าง,01,หมู่ 1,01,เปิดดำเนินการ,,,,,10,1 ปฐมภูมิ,,,,,,,,,,,01835, 
000183700,โรงพยาบาลส่งเสริมสุขภาพตำบลบ้านท่าจาม,21002,กระทรวงสาธารณสุข สำนักงานปลัดกระทรวงสาธารณสุข,18,โรงพยาบาลส่งเสริมสุขภาพตำบล,,0,20,จ.ชลบุรี,03,อ.หนองใหญ่,03, ต.หนองเสือช้าง,04,หมู่ 4,01,เปิดดำเนินการ,,,,,10,1 ปฐมภูมิ,,,,,,,,,,,01837, 
000183800,โรงพยาบาลส่งเสริมสุขภาพตำบลบ้านหนองประดู่,21002,กระทรวงสาธารณสุข สำนักงานปลัดกระทรวงสาธารณสุข,18,โรงพยาบาลส่งเสริมสุขภาพตำบล,,0,20,จ.ชลบุรี,03,อ.หนองใหญ่,04, ต.ห้างสูง,01,หมู่ 1,01,เปิดดำเนินการ,,,,,10,1 ปฐมภูมิ,,,,,,,,,,,01838, 
000183900,โรงพยาบาลส่งเสริมสุขภาพตำบลบ้านห้างสูง,21002,กระทรวงสาธารณสุข สำนักงานปลัดกระทรวงสาธารณสุข,18,โรงพยาบาลส่งเสริมสุขภาพตำบล,,0,20,จ.ชลบุรี,03,อ.หนองใหญ่,04, ต.ห้างสูง,03,หมู่ 3,01,เปิดดำเนินการ,,,,,10,1 ปฐมภูมิ,,,,,,,,,,,01839, 
000185800,โรงพยาบาลส่งเสริมสุขภาพตำบลหนองกะขะ,21002,กระทรวงสาธารณสุข สำนักงานปลัดกระทรวงสาธารณสุข,18,โรงพยาบาลส่งเสริมสุขภาพตำบล,,0,20,จ.ชลบุรี,05,อ.พานทอง,04, ต.หนองกะขะ,04,หมู่ 4,01,เปิดดำเนินการ,,,,,10,1 ปฐมภูมิ,,,,,,,,,,,01858, 
000185700,โรงพยาบาลส่งเสริมสุขภาพตำบลมาบโป่ง,21002,กระทรวงสาธารณสุข สำนักงานปลัดกระทรวงสาธารณสุข,18,โรงพยาบาลส่งเสริมสุขภาพตำบล,,0,20,จ.ชลบุรี,05,อ.พานทอง,03, ต.มาบโป่ง,02,หมู่ 2,01,เปิดดำเนินการ,,,,,10,1 ปฐมภูมิ,,,,,,,,,,,01857, 
000185900,โรงพยาบาลส่งเสริมสุขภาพตำบลหนองหงษ์,21002,กระทรวงสาธารณสุข สำนักงานปลัดกระทรวงสาธารณสุข,18,โรงพยาบาลส่งเสริมสุขภาพตำบล,,0,20,จ.ชลบุรี,05,อ.พานทอง,05, ต.หนองหงษ์,03,หมู่ 3,01,เปิดดำเนินการ,,,,,10,1 ปฐมภูมิ,,,,,,,,,,,01859, 
000186600,โรงพยาบาลส่งเสริมสุขภาพตำบลบ้านใหม่เชิงเนิน ตำบลหน้าพระธาตุ,21002,กระทรวงสาธารณสุข สำนักงานปลัดกระทรวงสาธารณสุข,18,โรงพยาบาลส่งเสริมสุขภาพตำบล,,0,20,จ.ชลบุรี,06,อ.พนัสนิคม,02, ต.หน้าพระธาตุ,06,หมู่ 6,01,เปิดดำเนินการ,,,,,10,1 ปฐมภูมิ,,,,,,,,,,,01866, 
000188300,โรงพยาบาลส่งเสริมสุขภาพตำบลบ้านสวนผัก ตำบลบ้านช้าง,21002,กระทรวงสาธารณสุข สำนักงานปลัดกระทรวงสาธารณสุข,18,โรงพยาบาลส่งเสริมสุขภาพตำบล,,0,20,จ.ชลบุรี,06,อ.พนัสนิคม,18, ต.บ้านช้าง,06,หมู่ 6,01,เปิดดำเนินการ,,,,,10,1 ปฐมภูมิ,,,,,,,,,,,01883, 
000184100,โรงพยาบาลส่งเสริมสุขภาพตำบลบ้านชากนา,21002,กระทรวงสาธารณสุข สำนักงานปลัดกระทรวงสาธารณสุข,18,โรงพยาบาลส่งเสริมสุขภาพตำบล,,0,20,จ.ชลบุรี,03,อ.หนองใหญ่,05, ต.เขาซก,04,หมู่ 4,01,เปิดดำเนินการ,,,,,10,1 ปฐมภูมิ,,,,,,,,,,,01841, 
000188400,โรงพยาบาลส่งเสริมสุขภาพตำบลบ้านเนินตามาก ตำบลโคกเพลาะ,21002,กระทรวงสาธารณสุข สำนักงานปลัดกระทรวงสาธารณสุข,18,โรงพยาบาลส่งเสริมสุขภาพตำบล,,0,20,จ.ชลบุรี,06,อ.พนัสนิคม,20, ต.โคกเพลาะ,05,หมู่ 5,01,เปิดดำเนินการ,,,,,10,1 ปฐมภูมิ,,,,,,,,,,,01884, 
000188600,โรงพยาบาลส่งเสริมสุขภาพตำบลบ้านห้วยสูบ ตำบลนามะตูม,21002,กระทรวงสาธารณสุข สำนักงานปลัดกระทรวงสาธารณสุข,18,โรงพยาบาลส่งเสริมสุขภาพตำบล,,0,20,จ.ชลบุรี,06,อ.พนัสนิคม,22, ต.นามะตูม,04,หมู่ 4,01,เปิดดำเนินการ,,,,,10,1 ปฐมภูมิ,,,,,,,,,,,01886, 
000186400,โรงพยาบาลส่งเสริมสุขภาพตำบลเกาะลอย,21002,กระทรวงสาธารณสุข สำนักงานปลัดกระทรวงสาธารณสุข,18,โรงพยาบาลส่งเสริมสุขภาพตำบล,,0,20,จ.ชลบุรี,05,อ.พานทอง,10, ต.เกาะลอย,04,หมู่ 4,01,เปิดดำเนินการ,,,,,10,1 ปฐมภูมิ,,,,,,,,,,,01864, 
000186800,โรงพยาบาลส่งเสริมสุขภาพตำบลบ้านเซิด,21002,กระทรวงสาธารณสุข สำนักงานปลัดกระทรวงสาธารณสุข,18,โรงพยาบาลส่งเสริมสุขภาพตำบล,,0,20,จ.ชลบุรี,06,อ.พนัสนิคม,04, ต.บ้านเซิด,02,หมู่ 2,01,เปิดดำเนินการ,,,,,10,1 ปฐมภูมิ,,,,,,,,,,,01868, 
000186500,โรงพยาบาลส่งเสริมสุขภาพตำบลบางหัก,21002,กระทรวงสาธารณสุข สำนักงานปลัดกระทรวงสาธารณสุข,18,โรงพยาบาลส่งเสริมสุขภาพตำบล,,0,20,จ.ชลบุรี,05,อ.พานทอง,11, ต.บางหัก,01,หมู่ 1,01,เปิดดำเนินการ,,,,,10,1 ปฐมภูมิ,,,,,,,,,,,01865, 
000186700,โรงพยาบาลส่งเสริมสุขภาพตำบลวัดหลวง,21002,กระทรวงสาธารณสุข สำนักงานปลัดกระทรวงสาธารณสุข,18,โรงพยาบาลส่งเสริมสุขภาพตำบล,,0,20,จ.ชลบุรี,06,อ.พนัสนิคม,03, ต.วัดหลวง,07,หมู่ 7,01,เปิดดำเนินการ,,,,,10,1 ปฐมภูมิ,,,,,,,,,,,01867, 
000186100,โรงพยาบาลส่งเสริมสุขภาพตำบลบ้านเก่า,21002,กระทรวงสาธารณสุข สำนักงานปลัดกระทรวงสาธารณสุข,18,โรงพยาบาลส่งเสริมสุขภาพตำบล,,0,20,จ.ชลบุรี,05,อ.พานทอง,07, ต.บ้านเก่า,03,หมู่ 3,01,เปิดดำเนินการ,,,,,10,1 ปฐมภูมิ,,,,,,,,,,,01861, 
000186300,โรงพยาบาลส่งเสริมสุขภาพตำบลบางนาง,21002,กระทรวงสาธารณสุข สำนักงานปลัดกระทรวงสาธารณสุข,18,โรงพยาบาลส่งเสริมสุขภาพตำบล,,0,20,จ.ชลบุรี,05,อ.พานทอง,09, ต.บางนาง,02,หมู่ 2,01,เปิดดำเนินการ,,,,,10,1 ปฐมภูมิ,,,,,,,,,,,01863, 
000186900,โรงพยาบาลส่งเสริมสุขภาพตำบลนาเริก,21002,กระทรวงสาธารณสุข สำนักงานปลัดกระทรวงสาธารณสุข,18,โรงพยาบาลส่งเสริมสุขภาพตำบล,,0,20,จ.ชลบุรี,06,อ.พนัสนิคม,05, ต.นาเริก,02,หมู่ 2,01,เปิดดำเนินการ,,,,,10,1 ปฐมภูมิ,,,,,,,,,,,01869, 
000188500,โรงพยาบาลส่งเสริมสุขภาพตำบลไร่หลักทอง,21002,กระทรวงสาธารณสุข สำนักงานปลัดกระทรวงสาธารณสุข,18,โรงพยาบาลส่งเสริมสุขภาพตำบล,,0,20,จ.ชลบุรี,06,อ.พนัสนิคม,21, ต.ไร่หลักทอง,04,หมู่ 4,01,เปิดดำเนินการ,,,,,10,1 ปฐมภูมิ,,,,,,,,,,,01885, 
000189100,โรงพยาบาลส่งเสริมสุขภาพตำบลบ้านโค้งดารา,21002,กระทรวงสาธารณสุข สำนักงานปลัดกระทรวงสาธารณสุข,18,โรงพยาบาลส่งเสริมสุขภาพตำบล,,0,20,จ.ชลบุรี,07,อ.ศรีราชา,05, ต.หนองขาม,06,หมู่ 6,01,เปิดดำเนินการ,,,,,10,1 ปฐมภูมิ,,,,,,,,,,,01891, 
000191400,โรงพยาบาลส่งเสริมสุขภาพตำบลบ้านคลองตาเพชร,21002,กระทรวงสาธารณสุข สำนักงานปลัดกระทรวงสาธารณสุข,18,โรงพยาบาลส่งเสริมสุขภาพตำบล,,0,20,จ.ชลบุรี,10,อ.บ่อทอง,06, ต.พลวงทอง,03,หมู่ 3,01,เปิดดำเนินการ,,,,,10,1 ปฐมภูมิ,,,,,,,,,,,01914, 
000190600,โรงพยาบาลส่งเสริมสุขภาพตำบลบ้านหนองเสม็ด,21002,กระทรวงสาธารณสุข สำนักงานปลัดกระทรวงสาธารณสุข,18,โรงพยาบาลส่งเสริมสุขภาพตำบล,,0,20,จ.ชลบุรี,10,อ.บ่อทอง,03, ต.บ่อกวางทอง,01,หมู่ 1,01,เปิดดำเนินการ,,,,,10,1 ปฐมภูมิ,,,,,,,,,,,01906, 
000191200,โรงพยาบาลส่งเสริมสุขภาพตำบลบ้านเขาชอางค์,21002,กระทรวงสาธารณสุข สำนักงานปลัดกระทรวงสาธารณสุข,18,โรงพยาบาลส่งเสริมสุขภาพตำบล,,0,20,จ.ชลบุรี,10,อ.บ่อทอง,06, ต.พลวงทอง,02,หมู่ 2,01,เปิดดำเนินการ,,,,,10,1 ปฐมภูมิ,,,,,เปลียนชื่อ สอ.บ้านเขาชะอางค์ เป็นสอ.บ้านเขาชอางค์ ,,,,,,01912, 
000190300,โรงพยาบาลส่งเสริมสุขภาพตำบลบ้านช่องแสมสาร,21002,กระทรวงสาธารณสุข สำนักงานปลัดกระทรวงสาธารณสุข,18,โรงพยาบาลส่งเสริมสุขภาพตำบล,,,20,จ.ชลบุรี,09,อ.สัตหีบ,05, ต.แสมสาร,02,หมู่ 2,01,เปิดดำเนินการ,,,,,10,1 ปฐมภูมิ,,,,,,,,,,,01903, 
000191100,โรงพยาบาลส่งเสริมสุขภาพตำบลบ้านอ่างกระพงศ์,21002,กระทรวงสาธารณสุข สำนักงานปลัดกระทรวงสาธารณสุข,18,โรงพยาบาลส่งเสริมสุขภาพตำบล,,0,20,จ.ชลบุรี,10,อ.บ่อทอง,05, ต.เกษตรสุวรรณ,03,หมู่ 3,01,เปิดดำเนินการ,,,,,10,1 ปฐมภูมิ,,,,,แก้ไขชื่อ สถานีอนามัยบ้านอ่างกระพงษ์ เป็น สถานีอนามัยบ้านอ่างกระพงศ์ ,,,,,,01911, 
000190700,โรงพยาบาลส่งเสริมสุขภาพตำบลบ้านปักมึน,21002,กระทรวงสาธารณสุข สำนักงานปลัดกระทรวงสาธารณสุข,18,โรงพยาบาลส่งเสริมสุขภาพตำบล,,0,20,จ.ชลบุรี,10,อ.บ่อทอง,03, ต.บ่อกวางทอง,03,หมู่ 3,01,เปิดดำเนินการ,,,,,10,1 ปฐมภูมิ,,,09,อื่นๆ,,,,,,,01907, 
000191700,โรงพยาบาลส่งเสริมสุขภาพตำบลบ้านเกาะโพธิ์,21002,กระทรวงสาธารณสุข สำนักงานปลัดกระทรวงสาธารณสุข,18,โรงพยาบาลส่งเสริมสุขภาพตำบล,,0,20,จ.ชลบุรี,11,อ.เกาะจันทร์,02, ต.ท่าบุญมี,04,หมู่ 4,01,เปิดดำเนินการ,,,,,10,1 ปฐมภูมิ,,,,,,,,,,,01917, 
001429000,โรงพยาบาลส่งเสริมสุขภาพตำบลบ้านคลองโอ่ง,21002,กระทรวงสาธารณสุข สำนักงานปลัดกระทรวงสาธารณสุข,18,โรงพยาบาลส่งเสริมสุขภาพตำบล,,0,20,จ.ชลบุรี,10,อ.บ่อทอง,02, ต.วัดสุวรรณ,05,หมู่ 5,01,เปิดดำเนินการ,,,,,10,1 ปฐมภูมิ,,,,,,,,,,,14290, 
001428900,โรงพยาบาลส่งเสริมสุขภาพตำบลบ้านคลองใหญ่,21002,กระทรวงสาธารณสุข สำนักงานปลัดกระทรวงสาธารณสุข,18,โรงพยาบาลส่งเสริมสุขภาพตำบล,,0,20,จ.ชลบุรี,10,อ.บ่อทอง,01, ต.บ่อทอง,08,หมู่ 8,01,เปิดดำเนินการ,,,,,10,1 ปฐมภูมิ,,,,,,,,,,,14289, 
000183000,โรงพยาบาลส่งเสริมสุขภาพตำบลบ้านป่าแดง,21002,กระทรวงสาธารณสุข สำนักงานปลัดกระทรวงสาธารณสุข,18,โรงพยาบาลส่งเสริมสุขภาพตำบล,,0,20,จ.ชลบุรี,02,อ.บ้านบึง,07, ต.หนองอิรุณ,06,หมู่ 6,01,เปิดดำเนินการ,,,,,10,1 ปฐมภูมิ,,,,,,,,,,,01830, 
001169800,โรงพยาบาลส่งเสริมสุขภาพตำบลบ้านโค้งวันเพ็ญ,21002,กระทรวงสาธารณสุข สำนักงานปลัดกระทรวงสาธารณสุข,18,โรงพยาบาลส่งเสริมสุขภาพตำบล,,0,20,จ.ชลบุรี,09,อ.สัตหีบ,04, ต.บางเสร่,11,หมู่ 11,01,เปิดดำเนินการ,,,,,10,1 ปฐมภูมิ,,,,,,,,,,,11698, 
000182600,โรงพยาบาลส่งเสริมสุขภาพตำบลบ้านหนองยาง,21002,กระทรวงสาธารณสุข สำนักงานปลัดกระทรวงสาธารณสุข,18,โรงพยาบาลส่งเสริมสุขภาพตำบล,,0,20,จ.ชลบุรี,02,อ.บ้านบึง,05, ต.หนองบอนแดง,03,หมู่ 3,01,เปิดดำเนินการ,,,,,10,1 ปฐมภูมิ,,,,,,,,,,,01826, 
000187400,โรงพยาบาลส่งเสริมสุขภาพตำบลวัดโบสถ์,21002,กระทรวงสาธารณสุข สำนักงานปลัดกระทรวงสาธารณสุข,18,โรงพยาบาลส่งเสริมสุขภาพตำบล,,0,20,จ.ชลบุรี,06,อ.พนัสนิคม,08, ต.วัดโบสถ์,06,หมู่ 6,01,เปิดดำเนินการ,,,,,10,1 ปฐมภูมิ,,,,,,,,,,,01874, 
000185000,โรงพยาบาลส่งเสริมสุขภาพตำบลบ้านหนองตาอุ่น,21002,กระทรวงสาธารณสุข สำนักงานปลัดกระทรวงสาธารณสุข,18,โรงพยาบาลส่งเสริมสุขภาพตำบล,,0,20,จ.ชลบุรี,04,อ.บางละมุง,04, ต.โป่ง,09,หมู่ 9,01,เปิดดำเนินการ,,,,,10,1 ปฐมภูมิ,,,,,,,,,,,01850, 
